lat,long,sog,cog,heading,rot,nav_stt,timestamp,mmsi,shiptype
41.26058,29.070656,0.1000000014901161,0.0,51.0,9.0,1.0,2022-04-28 17:07:00,272292000,75
40.88238,29.190733,0.2000000029802322,337.5,511.0,-128.0,1.0,2022-03-30 10:30:00,271002030,75
44.39945,37.775635,0.6000000238418579,281.29998779296875,184.0,0.0,0.0,2022-05-08 15:54:00,312124000,75
40.76888,29.546734,0.1000000014901161,10.899999618530272,134.0,-1.0,5.0,2022-03-09 01:39:00,256049000,75
41.268345,31.417892,0.1000000014901161,16.299999237060547,269.0,0.0,5.0,2022-04-14 23:12:00,577081000,75
41.318233,36.462204,1.100000023841858,57.29999923706055,342.0,0.0,1.0,2022-02-25 21:39:00,538008955,75
40.70502,28.768023,14.800000190734863,87.5999984741211,84.0,-6.0,0.0,2022-02-21 15:13:00,256049000,75
40.76671,28.90176,0.6000000238418579,225.6999969482422,345.0,7.0,0.0,2022-03-08 22:11:00,241734000,75
40.93733,28.865356,0.2000000029802322,74.5,65.0,-3.0,1.0,2022-02-26 05:54:00,538009487,75
40.919853,28.995327,6.800000190734863,354.0,354.0,0.0,0.0,2022-04-25 19:19:00,518790000,75
41.99038,35.158646,0.1000000014901161,143.1999969482422,335.0,-107.0,1.0,2022-03-22 13:03:00,273459460,75
44.58294,37.94464,0.2000000029802322,0.0,49.0,0.0,1.0,2022-03-08 01:49:00,273457720,75
44.72745,37.778584,0.1000000014901161,337.0,126.0,0.0,0.0,2022-04-28 20:04:00,636021411,75
44.579216,37.922516,0.5,169.0,228.0,0.0,1.0,2022-04-20 07:24:00,636019618,75
40.97887,28.926746,0.1000000014901161,308.0,53.0,0.0,1.0,2022-03-06 15:39:00,620139000,75
44.36872,37.832695,0.2000000029802322,330.79998779296875,168.0,0.0,0.0,2022-04-19 13:47:00,229847000,75
40.957703,28.881794,0.1000000014901161,167.60000610351562,211.0,0.0,1.0,2022-04-06 18:09:00,423128100,75
41.4624,29.36144,5.800000190734863,261.5,265.0,0.0,0.0,2022-04-23 04:45:00,636019997,75
44.65185,37.89007,0.1000000014901161,221.3999938964844,297.0,0.0,1.0,2022-02-24 09:10:00,352986163,75
42.709007,27.962112,9.300000190734863,359.1000061035156,4.0,0.0,0.0,2022-03-08 14:36:00,667001771,75
44.469635,37.165634,8.300000190734863,257.0,249.0,0.0,0.0,2022-04-14 21:37:00,613420000,75
41.419567,29.199574,1.100000023841858,346.6000061035156,323.0,0.0,0.0,2022-02-28 23:55:00,248688000,75
41.264793,31.41458,0.1000000014901161,170.89999389648438,336.0,0.0,5.0,2022-04-11 17:33:00,271049656,75
40.918556,28.770597,9.199999809265137,261.20001220703125,252.0,-8.0,0.0,2022-03-23 19:56:00,273322210,75
41.34834,29.16675,8.699999809265137,237.6000061035156,236.0,0.0,0.0,2022-04-21 15:52:00,273216620,75
44.7265,37.806644,0.1000000014901161,239.1999969482422,57.0,0.0,5.0,2022-03-25 06:38:00,273218870,75
40.84308,28.799797,7.800000190734863,59.79999923706055,60.0,0.0,0.0,2022-02-17 21:16:00,311051200,75
43.316494,28.634306,8.800000190734863,88.5,84.0,0.0,0.0,2022-04-16 19:27:00,273349080,75
44.14184,28.651197,0.1000000014901161,137.89999389648438,252.0,7.0,5.0,2022-03-19 23:22:00,273431620,75
41.303745,36.340134,0.2000000029802322,351.0,242.0,0.0,5.0,2022-05-13 23:22:00,668116160,75
45.101944,29.838896,0.6000000238418579,109.4000015258789,63.0,-127.0,1.0,2022-05-06 08:59:00,671303100,75
43.726746,28.83699,9.699999809265137,174.10000610351562,172.0,8.0,0.0,2022-03-13 00:57:00,622121420,75
40.930744,28.93054,8.0,111.0,108.0,-4.0,8.0,2022-03-31 08:47:00,423002100,75
44.066505,36.469612,7.800000190734863,21.200000762939453,25.0,0.0,0.0,2022-04-02 03:29:00,273442610,75
44.56151,37.936184,6.699999809265137,281.79998779296875,289.0,0.0,1.0,2022-04-18 18:32:00,636019558,75
42.164333,41.6005,0.1000000014901161,20.0,205.0,11.0,1.0,2022-04-13 09:28:00,273343110,75
42.15435,41.620785,0.1000000014901161,355.0,136.0,0.0,1.0,2022-03-11 05:26:00,271000359,75
42.163807,31.981367,9.0,94.4000015258789,97.0,0.0,0.0,2022-03-28 12:18:00,271000956,75
40.971054,28.905687,0.1000000014901161,360.0,39.0,0.0,1.0,2022-05-06 21:31:00,620723000,75
40.968735,28.918524,0.1000000014901161,98.5999984741211,128.0,-128.0,1.0,2022-03-16 13:08:00,273415410,75
41.819386,32.31756,10.5,65.0,66.0,12.0,0.0,2022-03-09 12:02:00,271044013,75
40.352234,27.961,0.4000000059604645,197.6999969482422,28.0,0.0,0.0,2022-04-25 14:44:00,613003714,75
42.465935,27.96414,8.5,91.9000015258789,511.0,-128.0,5.0,2022-04-21 22:07:00,620720000,75
41.41865,36.610565,11.199999809265137,45.0,44.0,0.0,0.0,2022-02-18 07:18:00,271002668,75
40.969444,28.900513,0.1000000014901161,241.0,157.0,0.0,1.0,2022-04-25 11:20:00,215991000,75
40.878773,29.17835,0.1000000014901161,180.0,7.0,0.0,1.0,2022-03-23 17:23:00,511100560,75
40.825035,29.245537,0.1000000014901161,0.0,286.0,0.0,1.0,2022-05-10 11:37:00,577549000,75
44.826733,36.578514,8.0,30.5,32.0,0.0,0.0,2022-04-24 05:39:00,273380200,75
45.101246,29.791653,0.3000000119209289,89.5999984741211,511.0,-128.0,1.0,2022-04-22 01:19:00,511100569,75
40.785213,28.802547,0.3000000119209289,62.5,262.0,0.0,0.0,2022-03-17 03:41:00,229406000,75
44.130165,28.768017,0.1000000014901161,319.8999938964844,46.0,0.0,1.0,2022-03-26 11:38:00,667001777,75
40.737164,29.48505,0.1000000014901161,114.8000030517578,304.0,0.0,3.0,2022-03-12 00:06:00,373406000,75
40.99198,39.857216,0.4000000059604645,265.0,270.0,0.0,0.0,2022-05-01 03:44:00,271002668,75
44.13135,28.7815,0.1000000014901161,343.29998779296875,157.0,0.0,1.0,2022-04-25 04:21:00,314532000,75
44.13051,28.677294,7.199999809265137,150.39999389648438,148.0,0.0,0.0,2022-04-10 22:12:00,273349230,75
40.729965,29.168592,12.300000190734863,92.0,91.0,0.0,0.0,2022-04-22 12:32:00,405000240,75
41.677147,32.203285,0.3000000119209289,117.0,293.0,5.0,1.0,2022-03-03 21:57:00,518100103,75
45.090034,29.775366,0.2000000029802322,225.8999938964844,49.0,0.0,1.0,2022-05-08 04:58:00,256228000,75
44.003284,39.03495,9.300000190734863,59.0,59.0,0.0,0.0,2022-03-20 21:01:00,636092390,75
40.71773,28.597553,5.599999904632568,83.80000305175781,70.0,3.0,0.0,2022-03-24 03:31:00,247441300,75
45.122982,36.5703,0.3000000119209289,127.9000015258789,85.0,0.0,1.0,2022-03-19 02:19:00,636017263,75
44.587944,37.9267,0.1000000014901161,0.0,9.0,11.0,1.0,2022-04-18 05:37:00,341140000,75
40.79655,29.110586,7.800000190734863,73.80000305175781,72.0,127.0,0.0,2022-03-10 02:56:00,353218000,75
41.359917,30.10095,0.699999988079071,145.0,128.0,0.0,2.0,2022-05-10 18:49:00,538009991,75
41.446117,36.70418,9.100000381469728,238.6999969482422,247.0,0.0,0.0,2022-03-08 03:21:00,354059000,75
40.367935,27.9678,0.3000000119209289,108.1999969482422,42.0,-128.0,1.0,2022-05-01 22:05:00,273330970,75
41.825,32.281666,14.699999809265137,66.0,69.0,-21.0,0.0,2022-02-26 10:58:00,373550000,75
41.43741,31.60804,8.300000190734863,59.400001525878906,55.0,0.0,0.0,2022-05-03 08:49:00,518791000,75
40.913185,27.495794,0.1000000014901161,110.3000030517578,35.0,0.0,1.0,2022-03-23 08:08:00,271044659,75
41.500885,30.0362,12.399999618530272,258.0,258.0,0.0,0.0,2022-05-12 03:39:00,271000882,75
40.845825,28.844378,10.199999809265137,81.69999694824219,87.0,0.0,0.0,2022-03-26 04:01:00,636012854,75
40.88408,28.895187,10.0,58.400001525878906,55.0,0.0,0.0,2022-03-07 05:51:00,620428000,75
40.773453,28.978928,1.5,207.6000061035156,103.0,0.0,0.0,2022-03-23 17:16:00,257792000,75
40.753067,28.847267,0.6000000238418579,279.0,148.0,0.0,0.0,2022-04-06 21:37:00,636014311,75
45.126266,29.857733,0.1000000014901161,357.8999938964844,54.0,0.0,1.0,2022-03-25 07:37:00,620050000,75
44.9966,36.628677,7.699999809265137,274.6000061035156,273.0,5.0,0.0,2022-05-13 03:54:00,273348630,75
40.826187,29.243107,0.2000000029802322,37.79999923706055,511.0,-128.0,1.0,2022-04-01 07:06:00,312197000,75
41.256428,31.385387,0.2000000029802322,295.79998779296875,198.0,0.0,1.0,2022-03-20 01:49:00,273337300,75
41.51732,29.073473,0.699999988079071,0.1000000014901161,58.0,0.0,0.0,2022-04-06 23:12:00,636017263,75
40.721413,29.173876,9.800000190734863,90.0,93.0,-11.0,0.0,2022-04-01 07:12:00,356167000,75
40.8463,29.246447,0.1000000014901161,332.3999938964844,236.0,0.0,1.0,2022-04-20 08:12:00,577312000,75
41.299015,36.33777,0.1000000014901161,224.3999938964844,98.0,0.0,5.0,2022-02-17 18:35:00,372505000,75
44.60406,37.903507,0.1000000014901161,300.20001220703125,181.0,0.0,1.0,2022-02-20 05:20:00,271044516,75
41.307632,29.047434,2.0999999046325684,11.0,356.0,0.0,0.0,2022-03-19 03:16:00,353552000,75
44.879284,36.593433,0.1000000014901161,202.8999938964844,111.0,0.0,1.0,2022-04-07 04:04:00,256031000,75
40.8435,29.271513,102.3000030517578,360.0,511.0,-128.0,5.0,2022-02-17 13:08:00,229675000,75
44.12179,28.78054,0.3000000119209289,294.29998779296875,31.0,0.0,1.0,2022-02-27 09:19:00,477608900,75
41.66748,32.194946,0.1000000014901161,15.600000381469728,260.0,-128.0,1.0,2022-03-02 00:53:00,511100524,75
44.291668,37.394882,1.0,280.0,137.0,0.0,0.0,2022-02-24 13:33:00,248159000,75
43.569695,28.84242,11.300000190734863,178.10000610351562,178.0,0.0,0.0,2022-05-08 23:44:00,247221100,75
40.94104,27.552101,0.2000000029802322,304.70001220703125,65.0,0.0,1.0,2022-02-27 23:52:00,311001060,75
40.72423,28.5461,11.100000381469728,88.19999694824219,86.0,7.0,0.0,2022-03-08 03:17:00,538008521,75
42.89876,36.06722,0.2000000029802322,317.6000061035156,256.0,0.0,0.0,2022-05-12 16:49:00,255804750,75
40.880363,27.743786,17.700000762939453,91.0999984741211,91.0,0.0,0.0,2022-03-21 03:58:00,255796000,75
44.660984,37.9034,0.2000000029802322,29.100000381469727,307.0,0.0,1.0,2022-03-16 20:47:00,273317910,75
41.37491,29.378923,1.0,156.5,114.0,0.0,0.0,2022-04-12 17:47:00,414715000,75
43.29129,28.89279,8.699999809265137,354.79998779296875,5.0,0.0,1.0,2022-04-28 07:09:00,352980841,75
40.935703,28.849716,0.1000000014901161,174.1999969482422,511.0,-128.0,1.0,2022-04-13 09:14:00,271047206,75
44.70642,37.838566,0.1000000014901161,334.8999938964844,82.0,0.0,5.0,2022-04-20 13:24:00,538090550,75
42.233517,35.103645,7.199999809265137,275.5,276.0,0.0,0.0,2022-02-16 07:45:00,214181716,75
40.756413,28.773996,0.2000000029802322,117.3000030517578,227.0,-5.0,0.0,2022-04-03 20:12:00,477220400,75
40.90378,28.664467,9.300000190734863,261.1000061035156,254.0,0.0,0.0,2022-02-22 18:08:00,577295000,75
44.73205,37.797417,0.1000000014901161,227.0,330.0,0.0,0.0,2022-03-02 06:16:00,577550000,75
40.897827,28.919153,10.600000381469728,49.0,50.0,-7.0,0.0,2022-03-24 06:31:00,244971000,75
40.384174,27.965406,0.1000000014901161,298.1000061035156,185.0,0.0,1.0,2022-02-19 23:29:00,271002735,75
41.37171,31.281893,7.300000190734863,93.6999969482422,95.0,-9.0,0.0,2022-04-24 01:25:00,272292000,75
44.462147,37.322754,1.5,296.1000061035156,1.0,0.0,0.0,2022-05-02 17:09:00,273211430,75
44.14968,28.79686,0.2000000029802322,144.0,36.0,0.0,1.0,2022-03-06 03:22:00,563475000,75
45.303177,36.48715,5.300000190734863,249.3999938964844,511.0,-128.0,0.0,2022-05-12 20:29:00,273313170,75
41.493675,29.013193,0.5,179.0,64.0,0.0,2.0,2022-02-18 19:58:00,518100299,75
40.907333,28.794716,6.800000190734863,261.5,263.0,0.0,0.0,2022-03-14 22:26:00,273391200,75
45.07704,36.507374,8.0,354.20001220703125,352.0,8.0,0.0,2022-04-14 03:47:00,273329070,75
44.72418,37.811615,0.1000000014901161,259.5,511.0,-128.0,5.0,2022-04-15 03:47:00,273151100,75
42.119007,33.2516,14.600000381469728,68.0,68.0,0.0,1.0,2022-04-10 03:53:00,636021566,75
40.832558,29.243093,0.1000000014901161,122.1999969482422,33.0,0.0,1.0,2022-03-18 21:54:00,372162000,75
44.536926,37.689587,0.8999999761581421,56.29999923706055,80.0,5.0,0.0,2022-03-20 13:51:00,241730000,75
40.765587,28.795713,0.2000000029802322,278.29998779296875,191.0,0.0,0.0,2022-02-19 17:03:00,438031045,75
40.83796,29.24442,0.3000000119209289,73.69999694824219,152.0,0.0,1.0,2022-03-31 02:30:00,372162000,75
41.399063,29.251976,8.5,352.3999938964844,351.0,127.0,0.0,2022-03-17 09:16:00,273332380,75
40.832523,28.908567,0.2000000029802322,253.3000030517578,217.0,7.0,0.0,2022-02-16 22:57:00,538004238,75
42.217026,33.40368,10.300000190734863,80.30000305175781,85.0,0.0,0.0,2022-04-22 17:59:00,273446710,75
41.20208,38.462734,6.199999809265137,270.79998779296875,265.0,-9.0,0.0,2022-04-02 06:59:00,273378000,75
40.876934,29.202087,0.1000000014901161,341.79998779296875,250.0,0.0,1.0,2022-03-28 14:13:00,271000388,75
44.71377,37.825806,0.1000000014901161,5.900000095367432,511.0,-128.0,5.0,2022-03-27 03:14:00,273389870,75
42.351818,28.120184,0.4000000059604645,256.8999938964844,359.0,127.0,0.0,2022-03-09 01:51:00,613003921,75
44.10789,28.664686,0.1000000014901161,266.79998779296875,275.0,0.0,5.0,2022-04-22 11:53:00,249559000,75
40.770363,29.474247,0.2000000029802322,180.6000061035156,75.0,0.0,1.0,2022-03-21 12:16:00,373103000,75
44.142246,28.788946,0.5,127.4000015258789,33.0,0.0,1.0,2022-03-05 21:33:00,538007263,75
44.111813,28.79518,0.1000000014901161,7.599999904632568,28.0,0.0,1.0,2022-05-05 08:57:00,636021219,75
44.15832,28.764507,0.3000000119209289,242.6999969482422,324.0,0.0,1.0,2022-04-29 02:41:00,620766000,75
40.759342,29.43706,0.1000000014901161,125.0,83.0,0.0,1.0,2022-05-02 10:56:00,249870000,75
41.29672,36.400055,0.1000000014901161,200.6000061035156,11.0,0.0,1.0,2022-05-11 18:46:00,271000050,75
40.864784,29.184816,0.1000000014901161,356.20001220703125,354.0,-126.0,1.0,2022-03-21 21:27:00,577547000,75
43.12756,27.97633,4.300000190734863,310.0,320.0,0.0,0.0,2022-03-19 23:07:00,538008890,75
45.01474,29.744114,4.900000095367432,196.8000030517578,195.0,0.0,0.0,2022-04-22 14:26:00,272793000,75
41.06578,29.048594,10.800000190734863,199.3999938964844,206.0,0.0,0.0,2022-04-30 10:09:00,373907000,75
42.16454,41.603786,0.1000000014901161,229.1999969482422,224.0,0.0,1.0,2022-04-09 08:24:00,636016455,75
40.93736,28.722084,6.099999904632568,300.5,297.0,2.0,0.0,2022-03-14 02:06:00,271049759,75
44.24825,37.44645,2.5,318.0,274.0,0.0,0.0,2022-02-18 11:13:00,636013296,75
40.796288,28.920214,0.2000000029802322,133.6999969482422,169.0,0.0,0.0,2022-03-25 11:31:00,304785000,75
44.432137,37.5651,10.800000190734863,60.0,64.0,0.0,0.0,2022-03-06 22:41:00,511100560,75
42.16056,41.598633,0.1000000014901161,39.900001525878906,189.0,-13.0,1.0,2022-03-15 01:42:00,538009654,75
45.07054,29.741943,0.2000000029802322,204.1000061035156,65.0,16.0,1.0,2022-05-08 09:14:00,351222000,75
40.77603,29.1685,8.199999809265137,117.6999969482422,118.0,-9.0,0.0,2022-02-20 11:43:00,271042562,75
40.7099,27.674715,7.599999904632568,79.5,73.0,0.0,0.0,2022-03-10 21:47:00,273459590,75
40.829556,29.005627,0.2000000029802322,342.3999938964844,206.0,0.0,0.0,2022-02-19 07:38:00,215900000,75
40.73435,28.93785,12.399999618530272,267.0,511.0,-128.0,0.0,2022-04-12 16:42:00,352187000,75
42.170315,41.5996,0.2000000029802322,56.20000076293945,211.0,8.0,1.0,2022-05-08 21:14:00,273374100,75
44.25495,37.80035,6.900000095367432,69.80000305175781,75.0,0.0,0.0,2022-03-25 01:41:00,538004508,75
44.291412,37.798714,4.099999904632568,33.70000076293945,46.0,-3.0,0.0,2022-03-20 20:01:00,538009199,75
45.121883,29.813417,0.1000000014901161,267.20001220703125,357.0,0.0,1.0,2022-04-19 06:35:00,511520000,75
44.156,28.650167,0.1000000014901161,229.0,278.0,0.0,5.0,2022-02-17 14:59:00,636018661,75
40.717175,28.825867,12.899999618530272,276.5,286.0,0.0,0.0,2022-03-13 01:22:00,354073000,75
43.08008,27.944105,0.1000000014901161,190.3000030517578,211.0,5.0,1.0,2022-05-13 05:43:00,636017142,75
45.108414,29.794754,0.1000000014901161,306.1000061035156,511.0,-128.0,1.0,2022-04-26 21:21:00,271002143,75
44.57112,37.762386,1.7999999523162842,19.5,65.0,0.0,0.0,2022-03-30 15:37:00,538090550,75
44.402527,37.65428,12.199999809265137,78.0,81.0,0.0,0.0,2022-04-10 22:02:00,636021566,75
40.97951,28.951544,0.2000000029802322,351.79998779296875,25.0,0.0,1.0,2022-05-04 15:05:00,636021080,75
40.853485,29.172857,0.2000000029802322,187.0,94.0,0.0,1.0,2022-03-04 09:18:00,273343800,75
44.4633,37.369694,9.399999618530272,215.1000061035156,213.0,-4.0,0.0,2022-02-19 21:18:00,215544000,75
44.141228,28.741804,0.2000000029802322,224.1999969482422,511.0,-128.0,1.0,2022-04-11 11:32:00,631010038,75
42.6802,27.831379,0.3000000119209289,250.8000030517578,335.0,0.0,1.0,2022-03-12 12:49:00,272793000,75
44.60668,37.916447,0.2000000029802322,157.39999389648438,511.0,-128.0,5.0,2022-04-25 12:06:00,273453660,75
45.09422,36.533367,0.2000000029802322,360.0,286.0,0.0,1.0,2022-03-05 16:17:00,273371950,75
40.82825,28.943684,0.6000000238418579,291.6000061035156,160.0,-11.0,0.0,2022-03-13 20:11:00,677054000,75
40.762566,29.473776,0.1000000014901161,73.4000015258789,28.0,-2.0,1.0,2022-03-17 20:58:00,636017388,75
42.68947,27.936523,5.900000095367432,39.5,38.0,0.0,0.0,2022-05-01 03:04:00,272794000,75
42.034588,31.21808,11.199999809265137,66.30000305175781,64.0,0.0,0.0,2022-04-23 09:17:00,636021250,75
44.297825,28.70872,6.099999904632568,324.5,320.0,0.0,1.0,2022-04-20 08:52:00,518100770,75
42.19309,41.602654,0.1000000014901161,203.8000030517578,312.0,0.0,1.0,2022-04-03 09:40:00,538009367,75
44.311333,37.557835,1.600000023841858,313.0,246.0,2.0,0.0,2022-03-30 04:22:00,636012522,75
42.193954,27.969864,7.900000095367432,148.60000610351562,146.0,0.0,0.0,2022-02-26 07:18:00,667001715,75
41.21295,29.123066,10.0,28.0,30.0,0.0,0.0,2022-05-10 00:24:00,374558000,75
44.547073,37.680878,0.5,78.5,349.0,0.0,0.0,2022-02-19 10:18:00,249984000,75
40.932655,28.856123,0.1000000014901161,100.9000015258789,286.0,0.0,1.0,2022-02-17 14:59:00,419001224,75
40.961082,28.904934,0.4000000059604645,283.0,8.0,127.0,1.0,2022-02-25 00:04:00,577550000,75
40.86817,29.167727,0.1000000014901161,0.0,38.0,0.0,1.0,2022-03-20 08:24:00,373907000,75
44.160145,28.656013,0.5,43.09999847412109,511.0,-128.0,0.0,2022-03-30 10:22:00,238893840,75
44.18045,35.311466,8.100000381469727,57.0,62.0,0.0,0.0,2022-04-17 04:40:00,273332220,75
41.6903,41.67409,0.2000000029802322,239.3999938964844,288.0,0.0,1.0,2022-04-04 03:41:00,271000753,75
43.774082,38.26,10.300000190734863,69.0,75.0,0.0,0.0,2022-03-30 23:02:00,355095000,75
41.25143,36.44396,0.1000000014901161,180.6000061035156,1.0,0.0,5.0,2022-04-25 11:39:00,620743000,75
41.37792,29.069246,0.2000000029802322,138.6999969482422,129.0,0.0,0.0,2022-05-01 22:59:00,273297880,75
42.155598,41.658638,0.3000000119209289,235.3000030517578,96.0,0.0,5.0,2022-04-06 10:21:00,214182729,75
41.286407,36.37442,0.1000000014901161,203.5,129.0,-7.0,1.0,2022-04-17 21:19:00,273338500,75
43.79497,28.92568,9.100000381469728,28.5,28.0,0.0,0.0,2022-03-28 03:51:00,671304100,75
44.070587,39.033188,0.1000000014901161,265.8999938964844,145.0,-11.0,1.0,2022-03-24 10:11:00,273348630,75
43.78195,28.959667,10.899999618530272,356.0,357.0,0.0,0.0,2022-04-18 21:52:00,538007768,75
41.272335,29.062784,5.699999809265137,194.8000030517578,202.0,2.0,0.0,2022-04-23 23:14:00,256228000,75
40.85285,29.18438,0.1000000014901161,239.5,511.0,-128.0,8.0,2022-03-22 00:51:00,577404000,75
40.867973,29.214533,0.2000000029802322,165.10000610351562,511.0,-128.0,1.0,2022-03-12 19:07:00,577414000,75
44.11703,28.830454,6.400000095367432,175.3000030517578,180.0,0.0,0.0,2022-03-15 17:41:00,477852300,75
40.827366,29.218054,0.4000000059604645,359.8999938964844,51.0,127.0,1.0,2022-03-06 12:56:00,667001771,75
44.67864,37.830452,6.599999904632568,153.8000030517578,153.0,0.0,0.0,2022-05-05 18:14:00,215231000,75
44.202507,29.07404,0.1000000014901161,18.799999237060547,300.0,-7.0,1.0,2022-04-26 08:20:00,273328500,75
41.12024,29.08626,6.900000095367432,18.700000762939453,7.0,-127.0,1.0,2022-02-25 05:58:00,214182779,75
41.30596,36.339775,102.3000030517578,360.0,151.0,0.0,1.0,2022-03-18 17:33:00,273371950,75
40.762035,29.448673,0.1000000014901161,359.70001220703125,34.0,0.0,1.0,2022-03-18 09:37:00,229939000,75
44.338226,37.7174,0.800000011920929,318.79998779296875,196.0,-5.0,0.0,2022-04-29 20:19:00,538007771,75
40.643074,28.240923,2.299999952316284,301.1000061035156,283.0,0.0,0.0,2022-04-02 12:32:00,538006343,75
44.03488,38.160435,0.6000000238418579,50.0,124.0,0.0,0.0,2022-04-05 16:58:00,636014505,75
40.74566,29.6352,9.199999809265137,281.79998779296875,279.0,0.0,0.0,2022-03-30 04:18:00,271044658,75
44.368446,38.057945,7.900000095367432,1.5,5.0,-5.0,0.0,2022-05-07 21:34:00,613530000,75
40.78029,29.00348,4.400000095367432,14.100000381469728,15.0,0.0,0.0,2022-02-17 16:03:00,636018686,75
41.34776,29.20828,6.800000190734863,266.8999938964844,273.0,8.0,0.0,2022-03-15 08:01:00,215976000,75
41.342747,36.360485,0.1000000014901161,254.6999969482422,345.0,0.0,1.0,2022-05-02 11:21:00,249860000,75
40.735218,29.391083,8.600000381469727,79.0,76.0,0.0,0.0,2022-02-26 08:53:00,240949000,75
44.181923,37.47534,1.600000023841858,52.400001525878906,100.0,0.0,0.0,2022-03-27 00:31:00,667001213,75
41.00224,29.010433,0.1000000014901161,10.800000190734863,153.0,0.0,5.0,2022-03-29 00:54:00,636018143,75
40.77017,29.487,0.1000000014901161,126.4000015258789,51.0,0.0,1.0,2022-05-11 17:30:00,374281000,75
40.96369,28.877163,0.1000000014901161,45.59999847412109,44.0,-9.0,1.0,2022-04-17 02:06:00,271042562,75
44.730907,37.784164,0.2000000029802322,86.0,321.0,0.0,5.0,2022-03-07 20:09:00,273385070,75
41.11692,37.34159,0.1000000014901161,26.700000762939453,101.0,0.0,5.0,2022-04-05 02:52:00,271043513,75
40.76955,29.0284,2.0999999046325684,171.0,152.0,0.0,0.0,2022-03-25 10:11:00,248153000,75
40.860447,29.1908,0.1000000014901161,360.0,175.0,0.0,1.0,2022-03-26 04:57:00,271044537,75
42.0805,35.39035,8.199999809265137,298.0,298.0,0.0,0.0,2022-02-27 07:16:00,271048485,75
40.956547,28.780573,0.2000000029802322,78.9000015258789,11.0,15.0,1.0,2022-04-18 08:14:00,273430690,75
40.76532,29.546406,2.700000047683716,45.900001525878906,43.0,0.0,0.0,2022-05-11 14:49:00,248406000,75
41.285534,36.405468,0.1000000014901161,313.0,305.0,0.0,1.0,2022-04-14 04:29:00,271000501,75
44.486835,37.723145,10.399999618530272,60.09999847412109,58.0,0.0,0.0,2022-05-02 07:39:00,312487000,75
44.31567,37.336594,3.400000095367432,276.0,336.0,0.0,0.0,2022-05-06 05:04:00,538006775,75
41.28565,29.06115,6.800000190734863,228.0,227.0,-9.0,0.0,2022-05-08 06:54:00,511326000,75
44.111168,28.76608,0.2000000029802322,56.400001525878906,0.0,0.0,1.0,2022-04-17 16:03:00,671577000,75
45.078327,36.549084,1.2000000476837158,253.0,153.0,-7.0,1.0,2022-03-31 11:14:00,273350300,75
40.822266,28.098127,12.899999618530272,261.79998779296875,261.0,5.0,0.0,2022-02-24 17:43:00,219028012,75
41.012165,28.995913,10.399999618530272,184.8000030517578,185.0,0.0,0.0,2022-02-21 07:43:00,215247000,75
44.25491,37.774155,10.199999809265137,358.79998779296875,0.0,0.0,2.0,2022-03-11 10:42:00,636021598,75
40.726585,28.053967,12.100000381469728,91.0,91.0,0.0,0.0,2022-02-18 04:18:00,304364000,75
42.16058,41.600735,0.1000000014901161,240.3000030517578,93.0,0.0,1.0,2022-03-30 21:13:00,304909000,75
45.107456,36.573555,0.1000000014901161,69.0999984741211,149.0,0.0,1.0,2022-04-18 11:48:00,273315050,75
41.28974,36.372192,0.2000000029802322,65.30000305175781,59.0,0.0,1.0,2022-05-03 07:29:00,273318010,75
44.404915,37.452118,8.899999618530273,219.0,216.0,5.0,0.0,2022-02-19 11:58:00,273314430,75
44.05887,37.5028,2.200000047683716,221.0,257.0,0.0,0.0,2022-04-27 16:19:00,538003868,75
44.57932,37.701138,0.800000011920929,308.6000061035156,33.0,0.0,0.0,2022-03-25 09:21:00,538008320,75
44.73366,37.789433,0.1000000014901161,159.60000610351562,242.0,0.0,5.0,2022-05-04 22:50:00,373406000,75
44.58766,37.934765,0.1000000014901161,29.200000762939453,46.0,11.0,0.0,2022-03-17 21:31:00,273329070,75
40.87098,29.16702,1.7999999523162842,317.1000061035156,296.0,0.0,1.0,2022-04-02 01:27:00,355650000,75
44.156685,28.733133,0.2000000029802322,207.3999938964844,511.0,-128.0,1.0,2022-04-01 00:49:00,667001285,75
44.660633,37.88832,0.1000000014901161,354.20001220703125,201.0,0.0,1.0,2022-05-14 00:46:00,271001029,75
41.460693,29.23667,1.600000023841858,145.39999389648438,134.0,0.0,0.0,2022-03-24 16:11:00,636015946,75
40.866413,28.887854,9.0,42.09999847412109,46.0,0.0,0.0,2022-04-17 21:47:00,314490000,75
44.10595,28.65235,0.1000000014901161,252.8000030517578,181.0,0.0,0.0,2022-04-08 02:44:00,577547000,75
44.284706,37.253834,8.199999809265137,229.8999938964844,228.0,7.0,0.0,2022-04-03 13:08:00,273355260,75
44.578194,37.94611,0.1000000014901161,122.5999984741211,166.0,0.0,1.0,2022-03-07 07:51:00,671782000,75
41.423027,29.5439,0.6000000238418579,106.5999984741211,301.0,4.0,0.0,2022-02-20 12:33:00,271044690,75
40.352005,27.964224,0.1000000014901161,267.0,511.0,-128.0,5.0,2022-05-03 19:07:00,677073600,75
40.53211,28.267647,10.699999809265137,295.79998779296875,300.0,0.0,0.0,2022-03-09 04:44:00,271044659,75
40.95645,27.538416,0.1000000014901161,0.0,76.0,0.0,1.0,2022-03-02 16:23:00,667001692,75
40.820026,29.232254,0.1000000014901161,320.70001220703125,52.0,0.0,1.0,2022-04-17 14:25:00,538009154,75
44.3543,37.4674,2.5,212.3000030517578,211.0,0.0,0.0,2022-03-27 16:16:00,249349000,75
40.845325,29.228834,0.1000000014901161,73.9000015258789,159.0,0.0,1.0,2022-03-31 20:58:00,314640000,75
40.760353,29.00323,1.0,199.6999969482422,303.0,0.0,2.0,2022-03-27 18:02:00,304655000,75
40.730587,28.647943,11.100000381469728,91.5,89.0,0.0,0.0,2022-04-27 15:13:00,642122016,75
40.816097,29.091993,10.600000381469728,313.0,314.0,-128.0,0.0,2022-04-12 21:52:00,271002456,75
41.110783,29.071117,7.599999904632568,38.70000076293945,40.0,0.0,0.0,2022-04-13 17:02:00,352980872,75
45.47779,36.626953,0.1000000014901161,146.0,211.0,0.0,1.0,2022-05-13 20:19:00,577453000,75
44.192417,37.811565,8.300000190734863,171.0,168.0,0.0,0.0,2022-05-01 00:09:00,341588000,75
44.106346,28.779833,0.1000000014901161,96.0,41.0,0.0,1.0,2022-04-28 18:26:00,356136000,75
40.844727,29.29054,102.3000030517578,360.0,319.0,-128.0,5.0,2022-02-22 04:53:00,370601000,75
44.821117,36.561268,0.2000000029802322,94.0,193.0,0.0,1.0,2022-05-13 07:26:00,373895000,75
40.97238,28.910387,0.1000000014901161,136.0,63.0,-128.0,1.0,2022-03-08 15:36:00,518559000,75
41.30628,36.339638,1.399999976158142,276.3999938964844,150.0,0.0,5.0,2022-03-30 11:20:00,273338500,75
41.018955,39.72802,0.1000000014901161,275.0,334.0,0.0,1.0,2022-03-20 15:25:00,229020000,75
44.45841,37.39311,0.800000011920929,277.70001220703125,36.0,0.0,0.0,2022-04-17 09:42:00,538090550,75
40.792973,28.794086,0.5,200.6999969482422,50.0,0.0,2.0,2022-04-05 07:02:00,272308000,75
40.9635,28.878166,0.3000000119209289,119.6999969482422,29.0,-13.0,1.0,2022-05-01 11:06:00,271046350,75
40.922813,28.853252,9.0,263.1000061035156,261.0,0.0,0.0,2022-04-09 00:22:00,352898723,75
44.427162,37.505306,3.0999999046325684,229.0,215.0,-2.0,0.0,2022-02-20 02:24:00,256550000,75
43.79348,38.705494,12.300000190734863,217.6999969482422,213.0,0.0,0.0,2022-02-17 19:04:00,538009048,75
40.7146,28.997932,0.4000000059604645,181.1000061035156,349.0,0.0,0.0,2022-02-16 00:12:00,253779000,75
44.427433,37.57084,4.0,294.20001220703125,305.0,-127.0,0.0,2022-04-21 21:27:00,370805000,75
43.18621,27.900047,0.1000000014901161,336.0,511.0,-128.0,5.0,2022-04-27 23:51:00,314611000,75
40.912373,28.72196,8.100000381469727,259.79998779296875,259.0,0.0,0.0,2022-02-25 15:59:00,577054000,75
41.047752,29.040457,5.5,48.20000076293945,511.0,-128.0,0.0,2022-04-19 12:52:00,671319100,75
41.54899,31.924986,0.2000000029802322,255.0,261.0,0.0,1.0,2022-03-01 02:59:00,412768000,75
44.49948,37.633507,11.0,196.1999969482422,511.0,-128.0,0.0,2022-02-17 04:27:00,256359000,75
44.134075,28.76418,0.5,62.900001525878906,3.0,0.0,1.0,2022-05-03 16:57:00,214182796,75
44.729668,37.78766,0.4000000059604645,197.1999969482422,326.0,0.0,0.0,2022-03-04 08:46:00,373746000,75
40.39028,27.964653,0.1000000014901161,249.0,29.0,2.0,1.0,2022-03-01 15:09:00,273395390,75
40.9515,28.878384,0.1000000014901161,202.0,95.0,0.0,1.0,2022-04-12 16:32:00,538001963,75
44.04616,39.072586,0.1000000014901161,228.6000061035156,153.0,0.0,1.0,2022-02-22 23:41:00,538007627,75
40.655346,28.738747,10.699999809265137,35.099998474121094,38.0,3.0,0.0,2022-03-20 11:41:00,305485000,75
41.262962,29.09966,5.699999809265137,105.4000015258789,116.0,-19.0,0.0,2022-03-25 18:01:00,273459460,75
44.442318,37.60438,1.899999976158142,270.0,202.0,0.0,0.0,2022-04-09 17:53:00,215375000,75
41.386513,29.20984,6.900000095367432,342.6000061035156,342.0,0.0,0.0,2022-04-12 08:07:00,577249000,75
44.73188,37.79744,0.1000000014901161,200.0,332.0,0.0,5.0,2022-03-11 14:28:00,215976000,75
45.17151,29.016417,8.899999618530273,93.4000015258789,94.0,8.0,0.0,2022-04-20 05:46:00,305048000,75
41.281685,29.031946,0.699999988079071,165.8000030517578,511.0,-128.0,0.0,2022-04-22 08:12:00,620720000,75
40.97568,28.915073,0.3000000119209289,49.20000076293945,199.0,127.0,0.0,2022-04-13 16:02:00,271040291,75
44.575195,37.921387,0.5,97.1999969482422,511.0,-128.0,1.0,2022-03-29 13:08:00,620086000,75
44.54212,37.866352,0.5,77.9000015258789,42.0,0.0,0.0,2022-02-19 00:18:00,636018819,75
43.113125,27.964006,0.1000000014901161,122.0,307.0,0.0,1.0,2022-04-08 00:04:00,271042325,75
40.96549,28.900352,0.1000000014901161,112.1999969482422,511.0,0.0,1.0,2022-05-07 19:26:00,341485000,75
44.3277,37.396027,1.899999976158142,286.6000061035156,209.0,0.0,0.0,2022-04-09 14:58:00,538008212,75
40.700886,28.938313,1.2000000476837158,237.8999938964844,353.0,0.0,0.0,2022-03-23 00:31:00,207138000,75
40.761833,29.449833,0.1000000014901161,209.1000061035156,66.0,-13.0,1.0,2022-03-09 12:28:00,271000724,75
44.060093,39.08919,0.1000000014901161,255.0,132.0,0.0,1.0,2022-02-23 18:05:00,256918000,75
42.141605,30.494164,0.2000000029802322,158.8000030517578,220.0,-3.0,0.0,2022-04-21 23:12:00,241453000,75
43.992474,29.027063,0.1000000014901161,76.69999694824219,208.0,0.0,2.0,2022-05-14 06:24:00,215143000,75
40.96847,28.89182,0.1000000014901161,299.79998779296875,264.0,0.0,11.0,2022-02-20 12:18:00,271040291,75
41.190754,29.094494,7.800000190734863,222.8999938964844,219.0,0.0,1.0,2022-04-18 19:37:00,273339220,75
40.97364,28.9103,0.1000000014901161,203.6000061035156,68.0,5.0,1.0,2022-03-14 13:08:00,273430690,75
44.730053,37.782207,0.1000000014901161,48.0,323.0,0.0,0.0,2022-03-23 09:41:00,273214690,75
44.165066,28.77941,0.3000000119209289,286.70001220703125,35.0,0.0,1.0,2022-03-07 04:26:00,538009362,75
41.274265,28.982853,4.099999904632568,306.79998779296875,341.0,22.0,0.0,2022-02-24 10:23:00,636019212,75
44.123146,28.733753,0.800000011920929,124.5,52.0,-127.0,1.0,2022-02-27 00:39:00,511100608,75
45.095062,29.787594,0.1000000014901161,274.0,33.0,0.0,1.0,2022-04-29 10:21:00,373668000,75
41.642654,36.718906,10.100000381469728,214.0,213.0,0.0,0.0,2022-02-22 04:33:00,372505000,75
40.981186,28.927362,0.1000000014901161,251.8999938964844,9.0,0.0,1.0,2022-04-18 13:57:00,577081000,75
40.959015,28.915567,0.1000000014901161,125.0,21.0,0.0,1.0,2022-02-24 04:25:00,312043000,75
44.46154,37.964783,1.399999976158142,318.1000061035156,219.0,-6.0,0.0,2022-04-03 08:12:00,538004508,75
40.83324,29.107246,6.099999904632568,295.6000061035156,296.0,0.0,0.0,2022-04-19 15:17:00,636012771,75
44.1432,28.740747,1.2000000476837158,225.8000030517578,36.0,0.0,1.0,2022-03-22 22:12:00,511100498,75
40.96775,28.995,6.699999809265137,5.900000095367432,3.0,0.0,0.0,2022-05-13 08:04:00,273334800,75
44.372032,37.63628,2.0999999046325684,306.8999938964844,269.0,0.0,0.0,2022-03-25 16:36:00,334024000,75
40.892166,27.526,8.100000381469727,328.0,328.0,0.0,0.0,2022-03-16 23:41:00,371743000,75
41.25477,29.132284,11.699999809265137,183.0,183.0,0.0,0.0,2022-03-16 18:36:00,229725000,75
40.95825,28.918926,0.2000000029802322,264.3999938964844,6.0,0.0,1.0,2022-03-03 09:22:00,477608900,75
44.052116,39.082283,0.3000000119209289,255.0,157.0,0.0,1.0,2022-04-01 20:08:00,229145000,75
44.122013,28.759567,0.1000000014901161,10.800000190734863,297.0,0.0,1.0,2022-04-12 20:04:00,677092400,75
42.75866,27.989573,7.0,213.5,215.0,0.0,0.0,2022-04-28 12:35:00,272794000,75
40.722466,29.479633,0.1000000014901161,71.5,143.0,0.0,5.0,2022-03-23 11:09:00,538009706,75
40.77413,28.938194,4.800000190734863,57.09999847412109,50.0,0.0,0.0,2022-03-09 00:46:00,273219680,75
40.749607,29.046083,1.2000000476837158,173.39999389648438,8.0,0.0,0.0,2022-03-26 12:16:00,273219530,75
40.388683,27.994387,0.1000000014901161,349.29998779296875,91.0,0.0,1.0,2022-02-16 13:43:00,273298020,75
40.812828,28.85514,0.699999988079071,76.4000015258789,102.0,0.0,0.0,2022-02-18 03:33:00,477948400,75
40.851177,28.8616,5.0,72.9000015258789,85.0,0.0,0.0,2022-03-28 02:16:00,357483000,75
40.81804,28.95062,9.699999809265137,286.79998779296875,289.0,0.0,0.0,2022-04-17 20:02:00,352978225,75
40.82749,29.24336,0.1000000014901161,92.0,511.0,-128.0,1.0,2022-04-01 10:42:00,312197000,75
44.13088,28.6841,3.900000095367432,320.3999938964844,320.0,6.0,0.0,2022-03-06 09:46:00,636019440,75
40.71063,28.900753,1.0,257.70001220703125,184.0,0.0,0.0,2022-02-26 03:03:00,538008152,75
44.25527,37.64976,12.5,12.5,16.0,0.0,0.0,2022-05-07 05:19:00,256123000,75
44.53648,37.7584,1.2999999523162842,50.59999847412109,4.0,-5.0,0.0,2022-04-26 15:39:00,538004238,75
41.295616,29.41895,11.5,87.80000305175781,87.0,0.0,0.0,2022-02-21 03:43:00,636020849,75
44.171394,28.79481,0.2000000029802322,66.9000015258789,323.0,0.0,1.0,2022-03-03 23:14:00,636093002,75
40.824516,29.202667,0.1000000014901161,229.0,196.0,0.0,1.0,2022-02-22 05:10:00,636016505,75
42.646626,35.59056,1.399999976158142,351.0,9.0,0.0,0.0,2022-04-25 12:56:00,248821000,75
42.232315,33.446175,6.400000095367432,234.3999938964844,237.0,-7.0,0.0,2022-05-04 05:55:00,631010058,75
43.528824,35.285385,11.800000190734863,226.6000061035156,223.0,0.0,0.0,2022-04-10 19:30:00,314577000,75
44.731857,37.797386,0.1000000014901161,92.9000015258789,511.0,-128.0,5.0,2022-02-22 12:10:00,271000583,75
44.593113,37.90304,3.5999999046325684,100.1999969482422,91.0,0.0,0.0,2022-05-11 15:39:00,229847000,75
44.13332,28.650873,0.1000000014901161,192.5,511.0,-128.0,0.0,2022-03-23 04:41:00,264162624,75
40.938152,28.848248,2.900000095367432,96.6999969482422,107.0,0.0,0.0,2022-05-06 17:29:00,565343000,75
44.69063,37.8224,9.199999809265137,150.0,152.0,0.0,5.0,2022-05-12 15:34:00,248975000,75
40.83646,29.226097,0.1000000014901161,228.5,27.0,7.0,1.0,2022-05-11 16:21:00,636021798,75
41.994473,35.14585,0.1000000014901161,338.79998779296875,275.0,0.0,1.0,2022-03-21 22:07:00,374300000,75
44.626175,37.143154,7.199999809265137,140.5,135.0,-2.0,0.0,2022-04-02 00:08:00,341141000,75
44.62113,37.625187,3.200000047683716,28.799999237060547,41.0,0.0,0.0,2022-05-14 00:39:00,241359000,75
44.117584,28.784834,0.1000000014901161,0.3000000119209289,190.0,0.0,1.0,2022-04-20 13:19:00,272761000,75
40.90102,27.471401,0.1000000014901161,110.5999984741211,201.0,0.0,5.0,2022-05-02 23:40:00,636016415,75
44.37203,37.47256,9.399999618530272,55.09999847412109,58.0,-3.0,0.0,2022-04-15 18:13:00,256550000,75
40.919426,38.38278,0.1000000014901161,186.1000061035156,227.0,0.0,5.0,2022-05-09 11:39:00,352646000,75
41.178658,38.98306,9.800000190734863,89.5999984741211,91.0,0.0,0.0,2022-03-29 10:09:00,271000501,75
43.92846,36.027454,11.5,244.0,244.0,0.0,0.0,2022-02-20 16:23:00,247382400,75
40.78528,27.657948,9.300000190734863,261.20001220703125,260.0,0.0,0.0,2022-05-13 23:54:00,273414870,75
41.62838,31.926693,8.699999809265137,221.5,230.0,0.0,0.0,2022-04-11 15:02:00,352898727,75
41.00245,28.9921,10.199999809265137,177.39999389648438,175.0,0.0,0.0,2022-03-04 07:06:00,538090538,75
44.03948,28.75298,9.0,141.1999969482422,145.0,-128.0,0.0,2022-04-05 08:17:00,370579000,75
45.0624,36.5304,0.1000000014901161,273.70001220703125,343.0,0.0,1.0,2022-03-10 17:30:00,273349080,75
40.969646,28.93204,0.1000000014901161,304.8999938964844,50.0,0.0,1.0,2022-03-09 01:37:00,271048717,75
41.17155,29.071617,9.800000190734863,221.1999969482422,218.0,0.0,0.0,2022-03-25 17:21:00,273451510,75
42.154873,41.61241,0.2000000029802322,326.3999938964844,187.0,0.0,1.0,2022-02-20 14:47:00,374291000,75
40.727222,29.365236,8.199999809265137,94.0,511.0,-128.0,0.0,2022-03-25 05:27:00,353167000,75
40.96118,28.74116,0.1000000014901161,161.5,16.0,0.0,1.0,2022-04-19 03:07:00,215500000,75
41.309666,29.306467,13.0,56.5,57.0,0.0,0.0,2022-04-13 15:57:00,256738000,75
40.745872,28.90836,0.3000000119209289,248.6000061035156,15.0,5.0,0.0,2022-04-21 08:32:00,215170000,75
43.255867,34.08838,10.5,65.69999694824219,68.0,0.0,0.0,2022-02-17 13:03:00,538008331,75
41.68304,32.206493,0.4000000059604645,20.399999618530277,511.0,-128.0,1.0,2022-03-03 23:25:00,620720000,75
43.782593,34.91511,5.900000095367432,84.9000015258789,83.0,0.0,0.0,2022-04-26 06:14:00,214181706,75
45.11458,36.57287,1.2999999523162842,203.8999938964844,90.0,-24.0,0.0,2022-05-06 19:56:00,354574000,75
44.143288,28.6618,0.6000000238418579,230.1000061035156,256.0,7.0,0.0,2022-04-26 08:34:00,256296000,75
41.06295,29.04684,9.300000190734863,203.1999969482422,204.0,0.0,0.0,2022-02-18 05:08:00,538008737,75
44.54389,37.978462,5.400000095367432,282.6000061035156,266.0,-127.0,0.0,2022-05-12 13:54:00,273410140,75
41.41494,29.119717,11.600000381469728,179.39999389648438,181.0,0.0,0.0,2022-04-29 19:24:00,538004139,75
42.114574,41.57412,2.900000095367432,275.20001220703125,260.0,0.0,0.0,2022-02-23 05:43:00,248821000,75
40.964035,28.749317,0.1000000014901161,139.39999389648438,511.0,-128.0,1.0,2022-03-12 08:59:00,273454310,75
40.945564,28.864994,102.3000030517578,360.0,255.0,0.0,1.0,2022-04-01 04:27:00,273427090,75
44.531654,38.047207,0.1000000014901161,266.3999938964844,68.0,0.0,1.0,2022-03-23 01:43:00,677016100,75
44.15244,28.650816,0.1000000014901161,307.0,75.0,0.0,5.0,2022-04-23 20:00:00,577408000,75
40.745384,28.956146,1.0,75.0,319.0,0.0,0.0,2022-03-04 02:46:00,273339220,75
40.868065,29.203306,0.1000000014901161,0.0,262.0,-16.0,1.0,2022-05-13 10:11:00,631010058,75
40.72537,27.660507,13.5,83.69999694824219,83.0,-7.0,0.0,2022-02-18 16:13:00,538007975,75
44.1173,28.787733,0.2000000029802322,40.900001525878906,351.0,0.0,1.0,2022-03-02 00:51:00,272761000,75
40.97851,28.919266,0.3000000119209289,45.70000076293945,511.0,-128.0,1.0,2022-02-20 20:34:00,620667000,75
44.111526,28.749372,0.2000000029802322,137.60000610351562,511.0,-128.0,1.0,2022-04-04 04:13:00,334029000,75
44.11478,34.28121,8.399999618530273,267.0,266.0,3.0,0.0,2022-02-23 04:51:00,273431620,75
44.71372,37.825768,0.1000000014901161,68.4000015258789,511.0,-128.0,5.0,2022-04-02 06:18:00,273389870,75
40.691288,29.336004,0.2000000029802322,339.1000061035156,209.0,0.0,0.0,2022-03-16 22:11:00,352846000,75
41.311295,29.01433,7.900000095367432,177.0,179.0,0.0,0.0,2022-05-01 13:24:00,273459550,75
44.208874,37.55943,1.100000023841858,29.299999237060547,82.0,0.0,0.0,2022-02-21 00:48:00,538008329,75
44.41215,37.35825,11.800000190734863,247.0,244.0,0.0,0.0,2022-02-20 03:23:00,314517000,75
41.708366,31.71308,5.300000190734863,74.0999984741211,73.0,0.0,0.0,2022-03-08 06:51:00,273291770,75
44.26351,37.93266,1.100000023841858,188.5,110.0,0.0,0.0,2022-03-16 04:02:00,563085200,75
45.322033,37.37285,0.1000000014901161,300.29998779296875,229.0,0.0,5.0,2022-05-06 14:24:00,577547000,75
41.21125,29.123367,9.0,44.29999923706055,44.0,0.0,0.0,2022-05-09 23:09:00,273333560,75
44.725765,37.80327,1.100000023841858,213.1000061035156,220.0,0.0,0.0,2022-03-25 18:41:00,273218870,75
41.98635,32.536316,9.0,253.0,258.0,0.0,0.0,2022-05-14 07:42:00,355095000,75
40.82097,29.234686,0.1000000014901161,14.600000381469728,3.0,0.0,1.0,2022-04-16 17:31:00,538009154,75
44.16735,28.655613,0.1000000014901161,265.8999938964844,345.0,0.0,5.0,2022-04-03 06:38:00,370288000,75
40.959694,28.88534,0.1000000014901161,75.0,5.0,0.0,1.0,2022-03-01 11:39:00,215900000,75
40.377834,27.964924,0.1000000014901161,19.700000762939453,206.0,-8.0,1.0,2022-03-03 16:28:00,273214220,75
40.861893,28.808807,7.800000190734863,69.5,76.0,0.0,0.0,2022-02-16 08:02:00,334008000,75
41.326153,29.226433,8.300000190734863,352.5,350.0,-127.0,0.0,2022-05-10 02:54:00,374029000,75
40.7701,28.899317,0.3000000119209289,264.0,300.0,0.0,0.0,2022-03-24 22:16:00,372868000,75
41.54368,31.91379,0.2000000029802322,260.1000061035156,272.0,0.0,5.0,2022-04-12 05:33:00,352898727,75
40.74788,29.003147,1.899999976158142,217.6999969482422,104.0,-15.0,0.0,2022-03-02 22:31:00,273360870,75
40.88101,28.88718,9.600000381469728,52.400001525878906,50.0,3.0,0.0,2022-02-28 06:13:00,636020513,75
40.95735,28.900896,0.1000000014901161,0.0,275.0,0.0,1.0,2022-02-28 04:10:00,636020510,75
41.952007,35.12812,0.2000000029802322,335.3999938964844,511.0,-128.0,1.0,2022-03-09 03:08:00,677073600,75
44.164955,37.275345,9.899999618530272,49.59999847412109,49.0,0.0,0.0,2022-05-06 07:30:00,667001213,75
40.38818,27.971073,0.1000000014901161,261.29998779296875,43.0,-13.0,1.0,2022-02-24 12:14:00,613003616,75
44.01723,28.9604,0.1000000014901161,271.70001220703125,50.0,0.0,1.0,2022-05-04 07:09:00,511100363,75
41.127968,29.07398,10.399999618530272,147.3000030517578,151.0,-128.0,0.0,2022-05-11 06:44:00,271000930,75
44.42394,37.632225,1.2000000476837158,257.70001220703125,267.0,-128.0,0.0,2022-04-04 00:02:00,273320600,75
44.5419,37.725655,0.3000000119209289,146.8000030517578,204.0,0.0,0.0,2022-04-29 17:04:00,636018743,75
41.33528,29.117773,4.800000190734863,168.60000610351562,171.0,0.0,0.0,2022-03-28 04:26:00,273343200,75
40.83777,29.22694,0.1000000014901161,139.5,301.0,0.0,1.0,2022-02-19 14:14:00,636013146,75
44.162945,28.794228,0.699999988079071,308.0,10.0,14.0,1.0,2022-03-19 06:15:00,511100455,75
41.57329,31.340487,5.900000095367432,65.30000305175781,55.0,-3.0,0.0,2022-04-17 03:02:00,273319100,75
44.48332,37.658817,8.600000381469727,64.0,69.0,7.0,0.0,2022-04-16 09:27:00,341755000,75
43.936832,38.825172,13.600000381469728,60.400001525878906,61.0,0.0,0.0,2022-02-21 05:33:00,538007627,75
41.12722,37.374794,0.2000000029802322,90.5999984741211,317.0,0.0,1.0,2022-04-13 02:15:00,245535000,75
40.96753,28.890947,0.1000000014901161,14.399999618530272,75.0,0.0,11.0,2022-02-22 16:58:00,271040291,75
44.10744,28.666203,3.5999999046325684,339.79998779296875,511.0,-128.0,0.0,2022-03-08 06:51:00,264162436,75
43.205086,27.97047,0.1000000014901161,81.0,108.0,0.0,1.0,2022-04-07 13:40:00,616884000,75
40.7212,29.480167,0.1000000014901161,280.20001220703125,322.0,0.0,5.0,2022-02-20 05:46:00,354912000,75
43.82749,38.400154,13.300000190734863,69.80000305175781,69.0,0.0,0.0,2022-03-03 07:31:00,636020402,75
44.443966,37.393684,1.600000023841858,319.0,256.0,9.0,0.0,2022-02-20 17:09:00,636019919,75
41.37272,29.964777,7.599999904632568,75.0999984741211,78.0,-128.0,0.0,2022-04-25 17:54:00,273416080,75
44.53866,37.47994,0.2000000029802322,105.8000030517578,153.0,0.0,0.0,2022-04-20 09:27:00,538006203,75
44.2513,37.277084,0.1000000014901161,276.0,207.0,4.0,0.0,2022-03-26 13:11:00,538009175,75
43.985565,28.853346,1.0,308.0,237.0,0.0,0.0,2022-02-16 05:47:00,538007768,75
43.12538,27.9687,0.2000000029802322,283.0,236.0,0.0,1.0,2022-04-02 05:24:00,314458000,75
44.4174,37.43399,3.400000095367432,318.1000061035156,270.0,0.0,2.0,2022-04-02 03:12:00,374309000,75
42.541103,32.274006,10.899999618530272,240.5,239.0,0.0,0.0,2022-04-27 09:19:00,311000134,75
44.23746,37.475536,1.2000000476837158,183.6000061035156,104.0,0.0,0.0,2022-03-17 16:51:00,538007563,75
41.306934,36.393753,0.1000000014901161,221.6999969482422,323.0,0.0,1.0,2022-05-06 07:48:00,511100525,75
44.41094,37.59484,2.200000047683716,165.10000610351562,160.0,-3.0,0.0,2022-02-17 00:17:00,249007000,75
40.874153,29.19627,3.299999952316284,198.5,511.0,-128.0,1.0,2022-03-29 12:30:00,577298000,75
44.07239,39.04258,0.1000000014901161,275.5,233.0,0.0,1.0,2022-04-11 17:47:00,273359070,75
40.83272,29.23938,0.1000000014901161,277.70001220703125,247.0,0.0,1.0,2022-02-27 02:34:00,341156000,75
40.70365,28.886473,15.699999809265137,89.80000305175781,88.0,0.0,0.0,2022-03-12 23:11:00,355948000,75
40.845165,28.34185,11.600000381469728,261.5,263.0,0.0,0.0,2022-03-23 12:24:00,538009362,75
44.16168,28.6497,0.1000000014901161,341.1000061035156,277.0,0.0,5.0,2022-03-10 03:49:00,253818000,75
42.971317,28.335333,8.0,4.0,10.0,0.0,0.0,2022-04-18 00:47:00,256155000,75
44.14271,28.765846,0.800000011920929,289.6000061035156,342.0,0.0,1.0,2022-04-10 23:37:00,620766000,75
41.68328,32.2037,0.1000000014901161,56.20000076293945,147.0,-5.0,1.0,2022-03-29 04:26:00,667001896,75
44.570175,37.91081,0.4000000059604645,155.89999389648438,60.0,0.0,1.0,2022-03-22 09:24:00,667001213,75
44.59288,37.879692,0.1000000014901161,150.10000610351562,144.0,2.0,1.0,2022-04-02 23:53:00,241753000,75
41.284805,29.186674,8.800000190734863,28.700000762939453,23.0,-12.0,0.0,2022-04-24 19:04:00,477958500,75
40.808357,28.81112,1.2000000476837158,185.6999969482422,152.0,0.0,2.0,2022-04-27 22:01:00,636021598,75
40.964104,28.924704,0.1000000014901161,98.0,226.0,0.0,1.0,2022-04-21 10:13:00,538008891,75
40.94882,28.973993,5.0,36.59999847412109,25.0,0.0,0.0,2022-04-14 14:42:00,373668000,75
40.963875,28.892834,0.1000000014901161,314.29998779296875,65.0,0.0,8.0,2022-05-08 05:59:00,677017000,75
40.376434,27.99155,0.1000000014901161,324.0,31.0,0.0,1.0,2022-05-06 23:36:00,671853000,75
43.803223,28.856133,11.800000190734863,354.0,354.0,0.0,0.0,2022-05-11 02:59:00,620862000,75
44.587574,37.72359,0.800000011920929,74.4000015258789,61.0,-9.0,0.0,2022-05-08 08:24:00,256550000,75
44.56837,37.924072,0.1000000014901161,4.0,86.0,0.0,1.0,2022-05-01 21:46:00,667001466,75
41.01549,28.994646,11.199999809265137,182.8000030517578,180.0,0.0,0.0,2022-03-11 21:21:00,477318500,75
44.59812,37.8934,0.2000000029802322,87.30000305175781,156.0,13.0,1.0,2022-04-03 08:39:00,273329070,75
41.121372,29.08569,8.100000381469727,25.899999618530277,10.0,-26.0,0.0,2022-04-24 05:24:00,273440170,75
42.166035,33.612106,13.699999809265137,90.5999984741211,91.0,0.0,0.0,2022-04-24 19:14:00,371116000,75
40.94021,27.552238,0.1000000014901161,339.20001220703125,60.0,0.0,1.0,2022-03-09 23:37:00,311001060,75
40.382908,27.98312,0.1000000014901161,154.89999389648438,256.0,0.0,1.0,2022-03-28 07:32:00,352646000,75
44.31632,37.829617,9.899999618530272,197.0,190.0,0.0,0.0,2022-03-26 18:06:00,636014309,75
40.91965,28.836308,12.100000381469728,260.70001220703125,260.0,0.0,0.0,2022-02-23 19:53:00,566502000,75
41.393135,29.187414,11.199999809265137,250.5,246.0,0.0,0.0,2022-04-07 05:32:00,538006056,75
42.19152,41.609947,0.2000000029802322,38.900001525878906,19.0,22.0,1.0,2022-04-04 17:23:00,620381000,75
40.96123,28.729227,0.1000000014901161,287.3999938964844,29.0,0.0,1.0,2022-03-20 02:44:00,305693000,75
40.3728,27.985384,0.1000000014901161,44.0,224.0,-126.0,1.0,2022-04-01 14:09:00,273339410,75
41.440746,29.360914,0.2000000029802322,36.400001525878906,163.0,0.0,0.0,2022-02-20 09:33:00,477648900,75
41.268665,31.4055,0.1000000014901161,114.0,154.0,0.0,0.0,2022-03-14 19:46:00,256080000,75
40.958534,28.786346,0.1000000014901161,13.100000381469728,311.0,0.0,1.0,2022-03-24 07:33:00,272056000,75
44.33859,37.145927,10.300000190734863,242.6000061035156,239.0,0.0,0.0,2022-03-25 22:47:00,273218870,75
41.4268,30.847967,8.300000190734863,91.8000030517578,91.0,0.0,0.0,2022-02-21 10:03:00,372920000,75
44.14271,28.7653,0.699999988079071,107.5,23.0,0.0,1.0,2022-04-11 09:49:00,620766000,75
41.35985,36.378765,9.899999618530272,159.0,157.0,0.0,0.0,2022-03-30 16:28:00,271002668,75
44.030094,37.422928,1.399999976158142,212.1999969482422,266.0,0.0,0.0,2022-03-03 02:41:00,374071000,75
40.872734,29.217224,0.6000000238418579,345.8999938964844,8.0,0.0,0.0,2022-04-17 11:47:00,374525000,75
44.576202,37.823708,0.4000000059604645,116.0,20.0,11.0,0.0,2022-03-06 10:51:00,273384210,75
44.71244,37.828827,0.2000000029802322,353.29998779296875,511.0,-128.0,5.0,2022-03-17 09:08:00,273394890,75
40.759197,29.436987,0.1000000014901161,355.0,79.0,0.0,1.0,2022-05-02 12:11:00,249870000,75
42.14772,33.611942,0.3000000119209289,32.79999923706055,121.0,0.0,0.0,2022-04-02 21:39:00,636016732,75
40.726418,29.397663,10.399999618530272,74.0999984741211,73.0,0.0,0.0,2022-05-13 06:09:00,304816000,75
40.90125,27.470228,0.1000000014901161,277.29998779296875,21.0,0.0,5.0,2022-04-25 22:04:00,271044659,75
44.459827,37.436073,13.300000190734863,240.5,232.0,0.0,0.0,2022-03-21 15:27:00,538006204,75
44.536724,37.50494,3.0,122.0,120.0,0.0,0.0,2022-04-01 16:32:00,538008320,75
40.80457,28.34137,11.199999809265137,82.69999694824219,79.0,0.0,0.0,2022-04-18 17:54:00,538002411,75
40.971226,28.924807,0.3000000119209289,360.0,49.0,11.0,0.0,2022-03-23 13:38:00,636020303,75
40.832813,28.746553,8.199999809265137,88.4000015258789,85.0,0.0,0.0,2022-05-02 15:14:00,271002429,75
41.29482,36.400887,0.1000000014901161,0.0,341.0,0.0,1.0,2022-04-19 09:24:00,273429570,75
40.77094,27.628248,14.0,245.0,241.0,0.0,0.0,2022-03-05 19:52:00,538009164,75
45.1241,36.57764,0.1000000014901161,18.399999618530277,298.0,0.0,1.0,2022-04-19 03:57:00,256738000,75
40.690784,29.122087,7.900000095367432,256.6000061035156,256.0,0.0,0.0,2022-05-04 20:49:00,271002040,75
44.06506,39.080925,0.1000000014901161,116.1999969482422,327.0,0.0,1.0,2022-03-10 04:04:00,577448000,75
41.678078,41.63164,5.599999904632568,328.5,326.0,0.0,5.0,2022-03-08 23:26:00,272774000,75
40.847965,28.276773,12.5,262.29998779296875,258.0,-1.0,0.0,2022-02-26 15:08:00,636018574,75
40.801773,28.723284,0.8999999761581421,10.699999809265137,72.0,0.0,0.0,2022-03-13 23:51:00,215991000,75
40.8385,28.9573,5.0,151.0,144.0,0.0,0.0,2022-03-14 17:16:00,248975000,75
40.809376,28.539816,15.100000381469728,84.80000305175781,511.0,-128.0,0.0,2022-04-13 16:49:00,636018389,75
40.557728,27.549019,8.699999809265137,88.5999984741211,90.0,0.0,15.0,2022-03-01 04:06:00,271002018,75
44.769573,36.561077,0.3000000119209289,315.1000061035156,42.0,0.0,1.0,2022-02-25 05:44:00,538009001,75
44.418404,37.434,3.200000047683716,321.1000061035156,261.0,4.0,0.0,2022-02-18 10:28:00,636014309,75
44.654335,37.897583,0.3000000119209289,308.8999938964844,19.0,0.0,1.0,2022-03-14 09:36:00,273451510,75
44.081867,36.404373,12.5,191.1999969482422,190.0,0.0,0.0,2022-05-13 19:59:00,241243000,75
40.953773,28.871973,0.1000000014901161,31.399999618530277,265.0,0.0,1.0,2022-05-06 00:25:00,248363000,75
44.22112,38.043747,2.799999952316284,293.1000061035156,230.0,6.0,0.0,2022-04-01 21:03:00,538004518,75
40.950165,28.983334,7.099999904632568,46.09999847412109,39.0,9.0,0.0,2022-04-12 16:27:00,271046350,75
42.11392,33.769367,7.300000190734863,266.0,269.0,0.0,0.0,2022-03-04 01:02:00,271002668,75
40.970585,28.96276,8.199999809265137,230.3000030517578,230.0,0.0,0.0,2022-02-18 15:48:00,229674000,75
43.53572,28.688673,7.800000190734863,13.399999618530272,17.0,0.0,0.0,2022-04-29 03:24:00,671643000,75
44.150356,28.78208,0.1000000014901161,92.5,350.0,0.0,1.0,2022-03-02 23:23:00,636019440,75
40.77146,28.41487,12.199999809265137,296.3999938964844,298.0,0.0,0.0,2022-04-07 16:47:00,542399110,75
41.034832,29.013367,11.0,235.3000030517578,235.0,-128.0,0.0,2022-05-04 15:34:00,511100640,75
44.639915,37.860184,8.0,329.0,327.0,0.0,0.0,2022-04-17 21:12:00,577498000,75
40.74512,29.15178,11.199999809265137,17.399999618530273,20.0,-5.0,8.0,2022-04-18 13:07:00,271049453,75
44.720493,37.81111,0.1000000014901161,330.20001220703125,241.0,0.0,5.0,2022-02-27 03:55:00,477904300,75
40.96409,28.946493,8.300000190734863,241.0,241.0,-10.0,0.0,2022-04-16 19:12:00,273384210,75
44.159668,37.423428,1.2000000476837158,193.1999969482422,126.0,0.0,0.0,2022-03-01 03:18:00,636091604,75
40.7849,29.04876,1.899999976158142,179.0,158.0,0.0,0.0,2022-03-27 13:21:00,354214000,75
40.74074,29.01924,1.0,269.20001220703125,346.0,0.0,0.0,2022-03-24 07:51:00,247441300,75
41.122684,29.076633,10.5,180.1999969482422,186.0,22.0,0.0,2022-04-08 17:47:00,271002353,75
44.359634,37.663734,1.899999976158142,288.0,49.0,0.0,0.0,2022-02-17 09:23:00,256488000,75
41.257954,29.28028,8.199999809265137,81.4000015258789,74.0,0.0,0.0,2022-03-25 09:56:00,273454720,75
43.937546,28.780697,10.0,174.5,175.0,-127.0,0.0,2022-02-25 21:03:00,352898693,75
40.86796,29.17083,0.3000000119209289,84.30000305175781,352.0,-16.0,1.0,2022-03-02 04:13:00,271049759,75
40.90867,28.741774,11.699999809265137,258.0,257.0,0.0,0.0,2022-04-08 12:12:00,255806130,75
41.98053,35.176872,3.700000047683716,60.79999923706055,64.0,9.0,0.0,2022-03-23 10:16:00,273342800,75
40.76502,29.459667,0.1000000014901161,31.0,108.0,0.0,1.0,2022-04-22 07:09:00,636092390,75
44.127575,28.650673,7.699999809265137,188.3000030517578,511.0,-128.0,0.0,2022-04-25 21:59:00,264162436,75
40.86874,28.451626,9.600000381469728,262.8999938964844,511.0,-128.0,0.0,2022-04-20 13:15:00,677019400,75
41.253174,36.42008,0.1000000014901161,18.200000762939453,11.0,0.0,5.0,2022-04-14 10:39:00,271000882,75
41.287334,29.050694,4.199999809265137,230.0,228.0,0.0,0.0,2022-04-23 00:02:00,370824000,75
41.023926,29.002056,4.800000190734863,48.900001525878906,50.0,0.0,8.0,2022-05-07 16:29:00,577302000,75
44.683167,37.855232,0.1000000014901161,58.20000076293945,157.0,0.0,1.0,2022-03-24 09:52:00,256738000,75
40.977295,28.92089,0.1000000014901161,175.3000030517578,38.0,0.0,1.0,2022-03-02 17:33:00,636021102,75
40.83795,29.24464,0.1000000014901161,0.0,63.0,0.0,1.0,2022-05-11 03:23:00,273419510,75
40.61145,28.15916,0.5,75.5,193.0,0.0,0.0,2022-04-08 15:57:00,538006343,75
40.922302,28.853,7.800000190734863,263.20001220703125,260.0,0.0,0.0,2022-04-27 21:49:00,354129000,75
44.3193,28.694206,5.0,332.6000061035156,334.0,0.0,0.0,2022-03-03 09:50:00,341288000,75
44.65899,37.90562,0.2000000029802322,101.3000030517578,132.0,0.0,1.0,2022-02-22 01:15:00,677060500,75
40.68506,28.987614,12.199999809265137,242.1999969482422,242.0,1.0,0.0,2022-04-27 00:21:00,311058500,75
41.417492,36.677505,3.900000095367432,95.9000015258789,84.0,0.0,0.0,2022-02-23 12:08:00,352980773,75
44.802834,36.606194,0.2000000029802322,252.5,346.0,2.0,1.0,2022-03-09 02:00:00,538006796,75
40.554688,28.166813,12.0,46.400001525878906,47.0,0.0,0.0,2022-05-13 23:14:00,271002735,75
44.141506,28.657053,1.7999999523162842,264.29998779296875,511.0,-128.0,0.0,2022-04-23 05:17:00,264162436,75
41.023125,28.997547,11.699999809265137,207.8000030517578,193.0,-127.0,0.0,2022-05-07 06:24:00,566478000,75
44.602215,37.774475,10.5,220.8999938964844,220.0,0.0,0.0,2022-05-09 18:30:00,370805000,75
44.147026,37.99248,1.399999976158142,25.100000381469727,107.0,0.0,0.0,2022-03-28 16:51:00,538004518,75
40.72681,29.397673,12.399999618530272,84.5,85.0,0.0,0.0,2022-04-17 06:33:00,248497000,75
40.744465,29.48287,10.199999809265137,74.80000305175781,77.0,4.0,0.0,2022-03-05 12:41:00,271047046,75
41.262203,29.07989,0.4000000059604645,332.20001220703125,345.0,7.0,1.0,2022-04-08 03:15:00,273310010,75
41.817387,30.71556,11.0,64.9000015258789,64.0,0.0,0.0,2022-04-24 22:25:00,249349000,75
42.193993,41.598267,0.1000000014901161,217.3999938964844,100.0,0.0,1.0,2022-03-29 21:57:00,538009367,75
40.465607,28.1756,7.599999904632568,229.3000030517578,227.0,-7.0,0.0,2022-04-14 02:37:00,577528000,75
40.770283,29.693634,0.3000000119209289,353.8999938964844,354.0,-127.0,1.0,2022-03-03 13:13:00,271000865,75
40.80708,28.331886,12.0,82.19999694824219,83.0,0.0,0.0,2022-02-17 01:52:00,538002630,75
44.731888,37.78488,0.1000000014901161,144.10000610351562,511.0,-128.0,5.0,2022-04-10 16:15:00,273453430,75
41.306034,36.34235,0.1000000014901161,178.6999969482422,50.0,0.0,0.0,2022-03-21 03:41:00,354059000,75
43.25332,34.63446,0.6000000238418579,291.70001220703125,215.0,0.0,0.0,2022-05-14 09:09:00,256377000,75
42.80089,28.41814,9.600000381469728,163.0,162.0,-128.0,0.0,2022-05-10 19:29:00,271000930,75
45.175415,29.0724,4.599999904632568,268.70001220703125,266.0,0.0,0.0,2022-04-25 14:14:00,613809000,75
40.871986,29.218464,0.1000000014901161,310.70001220703125,511.0,-128.0,1.0,2022-04-05 07:09:00,577408000,75
41.34083,29.121883,0.699999988079071,150.0,72.0,0.0,0.0,2022-03-26 14:06:00,241322000,75
44.570732,37.933525,0.2000000029802322,293.1000061035156,23.0,0.0,1.0,2022-04-26 02:06:00,636019744,75
40.795425,28.748154,0.6000000238418579,344.0,252.0,0.0,0.0,2022-03-27 01:31:00,636012854,75
44.2558,37.41503,1.2999999523162842,102.9000015258789,70.0,4.0,0.0,2022-02-27 05:09:00,636017493,75
41.2491,29.157578,9.100000381469728,38.5,36.0,127.0,0.0,2022-03-04 03:51:00,671700000,75
40.879166,29.187674,0.4000000059604645,173.1999969482422,91.0,-127.0,0.0,2022-03-06 01:41:00,271002040,75
40.948174,28.894316,0.1000000014901161,0.0,346.0,-11.0,1.0,2022-03-12 07:16:00,374488000,75
45.070442,29.778994,7.300000190734863,32.29999923706055,30.0,0.0,0.0,2022-04-30 05:00:00,351302000,75
40.979126,28.915186,0.1000000014901161,356.79998779296875,511.0,-128.0,0.0,2022-02-18 05:03:00,613003549,75
40.82165,29.234913,0.1000000014901161,306.3999938964844,49.0,9.0,1.0,2022-05-08 07:40:00,636020513,75
44.584435,37.4678,0.699999988079071,266.0,124.0,0.0,0.0,2022-03-21 22:46:00,538008335,75
44.17075,28.757032,0.1000000014901161,99.0,31.0,0.0,1.0,2022-03-19 05:12:00,636019618,75
44.15428,28.667717,0.1000000014901161,9.199999809265137,306.0,0.0,5.0,2022-03-04 03:25:00,538008573,75
40.793415,28.88557,0.3000000119209289,303.0,66.0,5.0,2.0,2022-04-24 06:34:00,305727000,75
41.379097,29.047483,1.5,128.0,89.0,0.0,0.0,2022-02-28 01:33:00,538008329,75
44.57625,38.02791,0.1000000014901161,255.3999938964844,211.0,0.0,1.0,2022-04-23 12:40:00,273410140,75
40.938644,28.873323,0.1000000014901161,253.8999938964844,312.0,5.0,0.0,2022-03-24 02:56:00,374024000,75
41.466385,31.778214,0.5,0.1000000014901161,254.0,127.0,1.0,2022-04-18 03:28:00,577506000,75
44.020786,36.603725,7.199999809265137,324.0,330.0,0.0,0.0,2022-04-27 20:19:00,273342420,75
43.201885,27.995434,0.1000000014901161,225.0,133.0,0.0,1.0,2022-04-08 18:25:00,636019710,75
40.695213,28.720507,0.800000011920929,170.60000610351562,84.0,0.0,2.0,2022-03-14 12:01:00,538005114,75
40.954407,28.866764,0.1000000014901161,310.3999938964844,62.0,0.0,1.0,2022-03-20 03:11:00,423327100,75
40.82184,28.878674,0.4000000059604645,264.29998779296875,118.0,0.0,0.0,2022-04-07 01:42:00,636019997,75
40.804672,27.838749,10.899999618530272,260.79998779296875,260.0,0.0,0.0,2022-02-20 19:57:00,311001052,75
45.09008,29.75606,0.1000000014901161,159.60000610351562,511.0,-128.0,1.0,2022-04-26 10:36:00,620088000,75
44.21582,36.83304,7.5,245.1999969482422,237.0,-5.0,0.0,2022-04-21 07:28:00,341140000,75
40.885048,28.533434,11.0,260.6000061035156,267.0,0.0,0.0,2022-03-11 10:12:00,305394000,75
43.844147,28.730793,7.199999809265137,195.6000061035156,189.0,-7.0,0.0,2022-03-17 21:21:00,272059000,75
40.92621,27.513313,0.1000000014901161,90.6999969482422,338.0,0.0,1.0,2022-03-19 20:30:00,271045478,75
40.88687,27.604124,0.4000000059604645,115.6999969482422,339.0,0.0,0.0,2022-03-27 01:26:00,636018660,75
40.950665,28.884474,0.1000000014901161,167.8000030517578,43.0,-5.0,1.0,2022-03-23 11:18:00,229895000,75
41.145912,29.063044,7.0,327.6000061035156,511.0,-128.0,1.0,2022-05-04 22:24:00,214181418,75
41.38793,29.032034,0.2000000029802322,58.0,97.0,0.0,0.0,2022-02-16 14:22:00,374540000,75
45.120068,36.56114,0.1000000014901161,258.3999938964844,178.0,6.0,1.0,2022-04-02 19:32:00,354574000,75
41.311485,36.43746,0.1000000014901161,50.59999847412109,312.0,-14.0,5.0,2022-02-19 11:15:00,636093047,75
41.002686,29.01235,0.1000000014901161,253.6000061035156,511.0,-128.0,0.0,2022-04-30 22:59:00,667001368,75
43.218098,36.8664,1.899999976158142,341.6000061035156,0.0,0.0,0.0,2022-04-28 01:30:00,241700000,75
42.239235,32.9469,13.5,249.8000030517578,249.0,0.0,0.0,2022-04-15 12:17:00,356005000,75
44.67178,37.84658,0.2000000029802322,305.20001220703125,42.0,10.0,1.0,2022-03-07 18:47:00,636017843,75
44.154194,28.786448,0.800000011920929,124.5,79.0,0.0,1.0,2022-02-27 12:39:00,538007263,75
44.72726,37.782112,0.1000000014901161,146.60000610351562,317.0,0.0,5.0,2022-03-29 09:27:00,311000134,75
40.71428,28.885242,10.5,61.09999847412109,64.0,0.0,0.0,2022-04-06 16:32:00,636092675,75
44.58361,37.91831,0.1000000014901161,252.0,148.0,0.0,1.0,2022-04-02 11:44:00,273296030,75
41.325752,29.106016,6.900000095367432,164.10000610351562,511.0,-128.0,0.0,2022-03-02 17:26:00,249201000,75
45.08618,36.65571,0.2000000029802322,236.3000030517578,231.0,0.0,1.0,2022-02-20 08:11:00,538009001,75
44.604725,37.748165,6.699999809265137,103.8000030517578,511.0,-128.0,8.0,2022-03-07 09:41:00,273567765,75
44.698917,37.80652,0.1000000014901161,31.899999618530277,318.0,-10.0,1.0,2022-05-09 17:46:00,273554300,75
42.184727,34.31324,13.0,89.0,86.0,0.0,0.0,2022-04-08 06:40:00,218108000,75
44.55152,37.719,1.0,223.5,100.0,0.0,0.0,2022-03-10 16:16:00,538004118,75
40.962112,28.882433,0.2000000029802322,204.8999938964844,317.0,0.0,11.0,2022-02-26 00:38:00,271040291,75
44.174046,28.73744,0.1000000014901161,339.70001220703125,171.0,0.0,1.0,2022-03-31 12:05:00,373574000,75
44.73196,37.79746,0.1000000014901161,194.3000030517578,330.0,5.0,5.0,2022-04-27 07:40:00,271046117,75
44.62818,37.615395,0.1000000014901161,24.5,293.0,7.0,5.0,2022-03-03 18:04:00,241199000,75
44.58036,37.93762,0.1000000014901161,298.79998779296875,199.0,-128.0,1.0,2022-03-09 02:27:00,273389360,75
40.726227,29.27355,7.900000095367432,92.5,94.0,0.0,0.0,2022-05-14 06:29:00,246236000,75
41.457085,31.032366,7.199999809265137,247.0,511.0,-128.0,0.0,2022-04-26 05:30:00,271002215,75
40.800705,29.04582,0.4000000059604645,269.0,139.0,0.0,1.0,2022-04-08 23:53:00,636021566,75
40.970688,28.887903,0.2000000029802322,167.5,511.0,-128.0,15.0,2022-04-01 20:22:00,271043927,75
44.1333,28.65087,0.1000000014901161,194.0,511.0,-128.0,0.0,2022-02-19 15:43:00,264162624,75
40.384926,27.960958,0.1000000014901161,18.799999237060547,134.0,0.0,1.0,2022-02-17 19:15:00,214182646,75
40.76456,29.52344,0.1000000014901161,222.6000061035156,4.0,0.0,5.0,2022-05-07 22:10:00,352986134,75
44.60815,37.460583,2.0,277.0,169.0,0.0,0.0,2022-03-21 00:51:00,538008335,75
40.82173,29.23944,0.1000000014901161,360.0,321.0,0.0,1.0,2022-03-01 03:43:00,620723000,75
40.436954,28.07058,0.2000000029802322,124.8000030517578,28.0,0.0,1.0,2022-02-24 21:43:00,214182766,75
44.12532,28.809797,0.2000000029802322,300.1000061035156,40.0,9.0,1.0,2022-03-06 20:59:00,636019221,75
40.85147,29.287746,0.1000000014901161,92.3000030517578,511.0,-128.0,0.0,2022-04-25 06:27:00,511100588,75
42.15178,41.602528,0.1000000014901161,80.5999984741211,327.0,0.0,1.0,2022-03-11 07:03:00,371193000,75
43.955284,28.959366,0.4000000059604645,298.6000061035156,10.0,127.0,1.0,2022-02-24 22:56:00,214182719,75
44.112476,28.794317,0.1000000014901161,332.29998779296875,49.0,0.0,1.0,2022-05-07 17:25:00,636021219,75
40.911274,28.93184,5.099999904632568,164.3000030517578,156.0,-127.0,1.0,2022-05-14 08:49:00,273381900,75
44.13331,28.6509,0.1000000014901161,179.0,511.0,-128.0,0.0,2022-03-30 01:28:00,264162624,75
40.762745,29.45912,0.1000000014901161,321.20001220703125,65.0,-128.0,1.0,2022-02-27 10:00:00,273389360,75
44.11725,28.647034,1.600000023841858,16.100000381469727,511.0,-128.0,0.0,2022-05-05 06:54:00,264162624,75
44.48595,37.816277,1.600000023841858,285.70001220703125,220.0,-2.0,0.0,2022-03-29 20:52:00,636014309,75
40.82996,29.244083,1.0,127.9000015258789,511.0,-128.0,8.0,2022-04-20 23:07:00,620528000,75
40.693604,28.979633,11.5,260.8999938964844,259.0,0.0,0.0,2022-03-13 23:21:00,247039400,75
40.85252,29.28714,0.1000000014901161,186.3999938964844,254.0,0.0,5.0,2022-04-18 03:45:00,357483000,75
43.905983,35.9499,9.100000381469728,241.0,241.0,-128.0,0.0,2022-04-24 20:15:00,341997000,75
40.873096,28.515713,8.699999809265137,259.3999938964844,261.0,0.0,0.0,2022-04-13 19:57:00,636092375,75
40.96504,28.952454,8.800000190734863,234.1999969482422,232.0,5.0,1.0,2022-04-09 22:02:00,273319100,75
43.89026,28.870373,8.699999809265137,176.5,176.0,0.0,0.0,2022-05-02 19:49:00,671011000,75
40.95185,28.927633,4.199999809265137,330.1000061035156,335.0,0.0,0.0,2022-02-19 19:28:00,351381000,75
40.360985,27.963657,0.8999999761581421,356.6000061035156,290.0,-127.0,1.0,2022-04-03 06:47:00,271002735,75
42.819252,27.97652,8.199999809265137,6.5,4.0,0.0,0.0,2022-04-02 05:28:00,620228000,75
41.740932,36.305786,10.699999809265137,118.5,123.0,-8.0,0.0,2022-02-21 21:13:00,248737000,75
40.996235,28.99756,7.0,4.5,2.0,0.0,0.0,2022-03-16 15:56:00,620021000,75
41.2913,36.37255,0.1000000014901161,248.3000030517578,356.0,0.0,1.0,2022-03-15 07:52:00,273389100,75
43.14023,27.956192,0.1000000014901161,213.0,194.0,0.0,1.0,2022-03-03 17:57:00,667001703,75
41.766987,31.42236,12.5,258.1000061035156,256.0,0.0,0.0,2022-05-11 22:24:00,271000882,75
40.833263,28.643114,10.600000381469728,82.69999694824219,80.0,0.0,0.0,2022-03-26 12:43:00,374050000,75
40.888508,28.9179,7.5,47.29999923706055,49.0,9.0,0.0,2022-03-04 16:21:00,273329500,75
42.093346,33.434166,9.5,85.69999694824219,90.0,0.0,0.0,2022-03-28 19:04:00,271000956,75
44.539654,37.709167,10.699999809265137,245.8000030517578,511.0,-128.0,0.0,2022-04-22 16:47:00,353725000,75
41.263275,31.377266,0.1000000014901161,88.5,236.0,-9.0,1.0,2022-03-01 04:41:00,374804000,75
40.97003,28.922306,0.1000000014901161,77.19999694824219,233.0,-128.0,0.0,2022-02-22 20:03:00,273320600,75
44.457455,37.518795,1.0,255.6000061035156,287.0,0.0,0.0,2022-03-12 06:06:00,273333560,75
40.95648,28.885468,0.2000000029802322,249.0,40.0,0.0,0.0,2022-03-16 09:26:00,256996000,75
42.113792,33.41544,12.699999809265137,81.4000015258789,80.0,0.0,0.0,2022-02-26 15:22:00,271044362,75
44.399555,37.57266,1.399999976158142,319.70001220703125,27.0,5.0,0.0,2022-04-07 15:18:00,229719000,75
42.502434,34.1796,11.0,252.0,253.0,0.0,0.0,2022-03-23 02:43:00,538008335,75
40.7232,29.420467,10.800000190734863,79.0,80.0,0.0,0.0,2022-04-25 10:04:00,538003520,75
40.370953,27.971687,4.300000190734863,201.1000061035156,195.0,-127.0,0.0,2022-02-18 14:13:00,271040314,75
41.773987,31.769003,1.0,114.0,151.0,3.0,0.0,2022-04-07 08:47:00,538006509,75
41.682407,32.19541,0.3000000119209289,124.6999969482422,243.0,0.0,1.0,2022-04-14 01:54:00,375854000,75
44.0126,28.820484,13.600000381469728,328.0,330.0,0.0,0.0,2022-03-15 16:41:00,538002973,75
40.96744,28.926947,0.2000000029802322,0.0,34.0,0.0,1.0,2022-03-19 04:43:00,511487000,75
44.07484,36.472466,6.300000190734863,178.0,174.0,-128.0,0.0,2022-04-25 04:25:00,273415410,75
41.33329,36.34635,0.4000000059604645,236.5,308.0,127.0,1.0,2022-02-26 10:13:00,372162000,75
40.813374,28.570026,8.399999618530273,83.0999984741211,80.0,0.0,0.0,2022-04-07 04:37:00,667001771,75
44.060432,39.089787,0.3000000119209289,239.8999938964844,168.0,-9.0,1.0,2022-02-21 19:23:00,256918000,75
44.12152,28.7447,0.1000000014901161,3.799999952316284,291.0,0.0,1.0,2022-04-19 22:39:00,538007987,75
41.46835,31.446016,9.5,57.0,54.0,0.0,0.0,2022-02-25 02:48:00,271002668,75
44.16066,28.656286,0.1000000014901161,327.79998779296875,511.0,-128.0,8.0,2022-05-12 14:24:00,264900301,75
40.978485,28.93125,0.1000000014901161,258.79998779296875,31.0,0.0,1.0,2022-04-18 02:53:00,374525000,75
41.804012,32.19219,7.300000190734863,244.8999938964844,246.0,4.0,0.0,2022-04-28 13:59:00,273332670,75
43.752354,28.868237,10.5,352.20001220703125,346.0,0.0,0.0,2022-04-05 11:47:00,511728000,75
44.51393,37.078064,1.600000023841858,267.5,191.0,3.0,0.0,2022-03-25 23:26:00,241466000,75
41.106117,29.06511,7.699999809265137,22.600000381469727,28.0,0.0,0.0,2022-03-08 00:41:00,271043400,75
40.741753,28.95483,9.600000381469728,273.0,270.0,0.0,0.0,2022-04-22 15:27:00,271044212,75
40.8787,29.187986,0.1000000014901161,250.6999969482422,55.0,127.0,0.0,2022-03-06 15:26:00,271002040,75
44.56379,37.933235,0.2000000029802322,346.1000061035156,164.0,0.0,1.0,2022-02-18 14:15:00,215802000,75
41.33744,29.131767,10.0,253.6999969482422,254.0,-7.0,0.0,2022-05-05 00:59:00,374024000,75
45.053833,29.795666,0.1000000014901161,345.0,70.0,0.0,1.0,2022-05-09 06:08:00,357500000,75
44.143414,36.52952,7.800000190734863,0.800000011920929,358.0,0.0,0.0,2022-05-14 04:29:00,273290480,75
40.790874,28.8779,0.2000000029802322,288.20001220703125,146.0,0.0,0.0,2022-03-24 20:36:00,351649000,75
40.96193,28.74943,0.3000000119209289,235.0,315.0,25.0,1.0,2022-02-25 13:58:00,373550000,75
44.113476,28.64679,6.5,189.6000061035156,511.0,-128.0,0.0,2022-03-27 08:36:00,264163451,75
40.929615,28.983587,3.900000095367432,39.29999923706055,38.0,0.0,0.0,2022-02-23 00:43:00,214182698,75
40.81984,29.2326,0.1000000014901161,118.0,37.0,0.0,1.0,2022-04-17 21:49:00,538009154,75
44.597256,37.72371,5.099999904632568,353.5,356.0,-3.0,0.0,2022-03-08 16:06:00,538009037,75
44.45878,37.389366,0.8999999761581421,276.29998779296875,39.0,0.0,0.0,2022-04-17 09:53:00,538090550,75
41.452873,28.97327,0.6000000238418579,21.399999618530277,307.0,0.0,8.0,2022-02-17 05:05:00,620555000,75
40.74762,29.562706,8.899999618530273,97.9000015258789,94.0,5.0,0.0,2022-04-20 22:47:00,511100249,75
40.77824,28.7222,0.6000000238418579,253.1000061035156,149.0,8.0,0.0,2022-03-21 22:32:00,273310950,75
40.8676,29.21922,0.1000000014901161,116.6999969482422,511.0,-128.0,15.0,2022-03-01 12:43:00,271043927,75
42.186947,40.328407,15.399999618530272,270.6000061035156,270.0,0.0,0.0,2022-05-13 18:09:00,271002587,75
40.828693,29.22761,0.2000000029802322,29.299999237060547,253.0,0.0,1.0,2022-03-24 09:54:00,538007987,75
42.12358,33.491135,7.5,84.0999984741211,87.0,-128.0,0.0,2022-04-30 17:38:00,273387100,75
40.76369,29.453854,0.1000000014901161,204.1000061035156,78.0,5.0,1.0,2022-05-01 16:50:00,248737000,75
44.564045,37.517517,3.799999952316284,17.700000762939453,57.0,16.0,0.0,2022-03-29 18:52:00,255806024,75
44.324875,37.74138,0.699999988079071,290.8999938964844,208.0,3.0,0.0,2022-04-29 18:40:00,538007771,75
40.383434,27.995483,0.1000000014901161,356.79998779296875,32.0,0.0,0.0,2022-04-29 11:44:00,620558000,75
41.576176,31.914314,6.900000095367432,230.6000061035156,232.0,-128.0,0.0,2022-05-08 00:09:00,273320600,75
44.570393,37.90982,0.1000000014901161,95.4000015258789,80.0,0.0,1.0,2022-03-23 19:47:00,636021219,75
41.685867,32.22847,0.1000000014901161,22.0,105.0,0.0,5.0,2022-02-18 02:57:00,538009439,75
40.95099,28.877234,0.1000000014901161,360.0,50.0,0.0,1.0,2022-03-01 06:34:00,341341000,75
41.505486,29.18892,12.399999618530272,357.3999938964844,1.0,10.0,0.0,2022-05-11 13:24:00,372611000,75
40.775692,29.597013,0.3000000119209289,332.6000061035156,263.0,0.0,0.0,2022-03-25 17:17:00,450552000,75
44.417248,37.79016,10.100000381469728,19.399999618530277,26.0,0.0,0.0,2022-03-09 04:07:00,677057000,75
40.796814,27.807673,11.399999618530272,262.1000061035156,262.0,0.0,0.0,2022-03-05 03:28:00,636091604,75
40.825832,29.019833,12.100000381469728,116.0999984741211,116.0,0.0,0.0,2022-05-09 07:04:00,271046350,75
42.052856,35.094975,0.1000000014901161,133.39999389648438,302.0,0.0,1.0,2022-02-28 21:58:00,273347800,75
44.64824,37.91554,0.1000000014901161,129.3000030517578,195.0,0.0,0.0,2022-04-07 11:57:00,273427090,75
43.639523,28.865273,7.800000190734863,41.0,42.0,0.0,0.0,2022-03-14 21:46:00,677043900,75
44.567528,37.95117,0.2000000029802322,171.1999969482422,188.0,0.0,1.0,2022-03-25 22:15:00,352980000,75
44.917595,29.72062,0.1000000014901161,0.0,511.0,-128.0,1.0,2022-02-26 09:32:00,214181418,75
40.9556,28.866737,0.1000000014901161,359.6000061035156,80.0,0.0,0.0,2022-03-16 08:46:00,423327100,75
44.112072,28.8158,0.4000000059604645,247.0,173.0,-128.0,1.0,2022-04-22 22:05:00,271002456,75
40.993065,28.96107,0.1000000014901161,188.8000030517578,29.0,0.0,0.0,2022-03-03 01:51:00,271047206,75
40.796032,28.4659,12.0,87.19999694824219,89.0,0.0,0.0,2022-04-07 12:12:00,620558000,75
44.130833,28.7925,0.1000000014901161,280.0,181.0,0.0,1.0,2022-04-09 21:09:00,463043101,75
40.37472,27.979027,0.1000000014901161,301.79998779296875,193.0,0.0,1.0,2022-04-21 22:00:00,273442610,75
43.82345,38.2941,2.5999999046325684,7.0,70.0,0.0,0.0,2022-04-01 22:57:00,636014505,75
40.85993,29.167784,0.1000000014901161,219.6000061035156,35.0,-13.0,1.0,2022-02-24 01:15:00,357250000,75
40.731728,29.504534,0.1000000014901161,182.1999969482422,350.0,0.0,5.0,2022-03-19 06:02:00,247065500,75
41.457718,29.21651,1.899999976158142,163.39999389648438,183.0,127.0,0.0,2022-02-21 20:13:00,566502000,75
44.1439,28.66127,0.3000000119209289,258.29998779296875,248.0,0.0,5.0,2022-04-10 14:37:00,622121425,75
40.9661,28.902718,0.1000000014901161,158.60000610351562,24.0,-8.0,1.0,2022-04-18 05:09:00,423047100,75
43.200863,27.982347,0.1000000014901161,111.0,88.0,0.0,1.0,2022-02-18 16:24:00,370224000,75
40.74605,27.88736,11.899999618530272,80.9000015258789,79.0,0.0,0.0,2022-03-02 20:17:00,271048717,75
44.654015,37.896503,0.3000000119209289,350.8999938964844,32.0,0.0,1.0,2022-03-17 03:56:00,352980836,75
40.371975,27.967216,0.1000000014901161,319.1000061035156,65.0,0.0,1.0,2022-04-28 09:16:00,273445370,75
40.854103,28.800747,8.0,78.4000015258789,77.0,0.0,0.0,2022-03-12 12:41:00,215991000,75
44.72465,37.819565,0.2000000029802322,199.0,203.0,0.0,5.0,2022-03-22 15:18:00,613003584,75
44.661507,37.84184,9.300000190734863,336.29998779296875,334.0,0.0,0.0,2022-04-27 09:19:00,273385070,75
44.348473,36.845695,7.699999809265137,255.6000061035156,511.0,-128.0,0.0,2022-04-12 08:42:00,353725000,75
40.9384,28.895584,0.699999988079071,233.0,234.0,0.0,0.0,2022-03-05 14:51:00,636017906,75
40.80312,28.914066,1.5,99.0999984741211,149.0,0.0,0.0,2022-02-28 01:53:00,636016416,75
42.97226,37.59688,8.5,211.5,212.0,-9.0,0.0,2022-05-13 23:51:00,273355260,75
40.799355,28.852943,0.3000000119209289,273.8999938964844,262.0,0.0,0.0,2022-02-18 09:08:00,538008172,75
40.737274,28.902544,1.7000000476837158,231.3000030517578,117.0,3.0,0.0,2022-03-24 04:56:00,352386000,75
44.654327,37.911976,0.1000000014901161,44.59999847412109,101.0,7.0,0.0,2022-04-25 06:00:00,374873000,75
40.741814,29.378397,8.399999618530273,262.0,264.0,0.0,0.0,2022-04-25 21:14:00,671051100,75
41.667526,31.276766,5.099999904632568,260.20001220703125,254.0,-128.0,0.0,2022-04-07 05:42:00,511273000,75
40.8565,29.184267,0.1000000014901161,118.4000015258789,138.0,0.0,1.0,2022-03-08 10:02:00,511625000,75
41.284584,29.03325,1.2000000476837158,283.0,328.0,127.0,0.0,2022-02-22 12:38:00,636016338,75
40.6177,28.782793,1.2999999523162842,142.5,87.0,0.0,0.0,2022-02-23 09:23:00,622121409,75
44.12205,28.67456,0.3000000119209289,91.5,344.0,-15.0,1.0,2022-04-11 15:11:00,228330600,75
41.660866,31.935102,9.100000381469728,237.8999938964844,240.0,0.0,0.0,2022-04-04 10:06:00,577521000,75
44.5914,37.934017,0.3000000119209289,27.0,276.0,-15.0,1.0,2022-03-03 21:36:00,341654000,75
40.712475,28.726973,1.2000000476837158,343.5,511.0,-128.0,0.0,2022-03-13 22:36:00,636018389,75
40.85041,29.170946,0.3000000119209289,176.60000610351562,80.0,0.0,1.0,2022-05-10 14:52:00,511234000,75
40.85988,28.134434,8.399999618530273,259.6000061035156,256.0,0.0,0.0,2022-03-09 08:16:00,271044965,75
43.940113,36.812702,1.2000000476837158,142.6999969482422,71.0,5.0,3.0,2022-03-16 00:33:00,538004238,75
40.877697,29.16606,0.1000000014901161,253.0,253.0,0.0,1.0,2022-03-13 10:16:00,352978222,75
42.25712,28.691917,1.899999976158142,181.0,152.0,0.0,0.0,2022-05-09 15:24:00,353071000,75
40.587337,28.7036,16.899999618530273,169.60000610351562,170.0,0.0,5.0,2022-03-08 02:07:00,538008152,75
40.768898,29.686567,0.2000000029802322,15.600000381469728,331.0,0.0,15.0,2022-03-03 04:12:00,271043400,75
40.821404,29.23946,1.0,149.0,327.0,-7.0,0.0,2022-03-22 06:28:00,232020889,75
40.739944,27.805826,10.899999618530272,78.80000305175781,82.0,0.0,0.0,2022-03-08 05:40:00,636021461,75
41.3181,29.175503,10.300000190734863,245.1000061035156,248.0,0.0,0.0,2022-02-21 00:28:00,373463000,75
44.227833,28.76286,0.8999999761581421,0.1000000014901161,15.0,0.0,0.0,2022-05-03 13:14:00,671182100,75
41.42365,36.474434,2.799999952316284,228.0,257.0,0.0,0.0,2022-04-12 03:22:00,577550000,75
44.37318,37.77748,0.3000000119209289,238.1000061035156,115.0,0.0,0.0,2022-03-08 19:26:00,249007000,75
41.290955,36.37996,0.1000000014901161,239.5,325.0,0.0,1.0,2022-03-03 18:57:00,273456690,75
40.824154,28.886066,11.0,23.399999618530277,26.0,7.0,0.0,2022-03-18 02:01:00,511100455,75
44.587177,37.917053,0.2000000029802322,98.1999969482422,186.0,6.0,1.0,2022-04-19 09:03:00,273337080,75
45.071487,29.7593,0.1000000014901161,19.600000381469727,16.0,0.0,1.0,2022-05-03 15:13:00,511728000,75
45.02173,29.868464,10.300000190734863,175.39999389648438,171.0,0.0,0.0,2022-03-13 14:31:00,616886000,75
40.786316,28.9554,1.2000000476837158,188.0,96.0,0.0,0.0,2022-02-25 14:08:00,241322000,75
45.089252,36.630386,4.400000095367432,331.8999938964844,322.0,0.0,0.0,2022-04-05 23:12:00,636016732,75
40.74185,28.928753,3.900000095367432,38.79999923706055,43.0,0.0,2.0,2022-05-07 05:09:00,352898685,75
41.294117,36.371284,0.2000000029802322,102.8000030517578,511.0,-128.0,1.0,2022-03-22 02:32:00,613003714,75
40.972416,28.923683,4.400000095367432,193.1000061035156,196.0,-8.0,0.0,2022-02-20 10:38:00,511968000,75
40.77891,28.647354,0.3000000119209289,285.0,116.0,0.0,0.0,2022-03-14 22:07:00,538009199,75
42.153923,41.65785,0.1000000014901161,216.0,97.0,-8.0,5.0,2022-04-11 23:18:00,373550000,75
44.155106,28.665787,0.1000000014901161,193.1999969482422,127.0,0.0,5.0,2022-02-20 13:01:00,538008573,75
44.725727,37.776466,0.1000000014901161,165.0,129.0,0.0,5.0,2022-04-06 05:52:00,671782000,75
42.266613,33.602123,7.599999904632568,59.79999923706055,60.0,0.0,0.0,2022-03-17 06:05:00,273417810,75
40.8406,28.17256,12.199999809265137,261.6000061035156,260.0,0.0,0.0,2022-03-01 15:43:00,305901000,75
44.691235,37.821667,7.599999904632568,336.29998779296875,336.0,-14.0,0.0,2022-03-04 00:56:00,620145000,75
44.158554,37.57578,2.700000047683716,311.5,247.0,0.0,0.0,2022-02-18 09:13:00,538008329,75
41.248554,29.191477,8.699999809265137,66.0999984741211,65.0,-126.0,0.0,2022-04-25 03:55:00,356770000,75
40.71417,29.462833,0.1000000014901161,284.0,125.0,1.0,5.0,2022-03-16 02:19:00,215651000,75
44.078327,38.23966,1.2000000476837158,256.20001220703125,143.0,13.0,0.0,2022-03-13 18:41:00,273358180,75
44.128593,28.646507,0.2000000029802322,209.0,73.0,0.0,5.0,2022-03-20 04:05:00,671051100,75
41.389984,29.123066,0.3000000119209289,1.0,207.0,0.0,0.0,2022-04-20 13:42:00,215375000,75
41.3013,36.378033,0.5,25.399999618530277,323.0,0.0,1.0,2022-03-20 20:46:00,372920000,75
42.0426,35.0781,0.4000000059604645,212.3999938964844,277.0,0.0,1.0,2022-04-13 10:51:00,273430550,75
43.91871,37.00722,1.100000023841858,68.4000015258789,140.0,0.0,2.0,2022-04-19 10:43:00,355850000,75
41.75947,38.197475,0.5,309.1000061035156,6.0,0.0,0.0,2022-04-17 10:49:00,372519000,75
40.76137,29.4624,102.3000030517578,360.0,77.0,0.0,1.0,2022-05-02 14:24:00,229675000,75
44.075302,37.708908,3.400000095367432,186.8000030517578,225.0,0.0,0.0,2022-04-12 13:33:00,255804750,75
40.96766,28.889013,0.2000000029802322,167.89999389648438,49.0,0.0,0.0,2022-03-18 00:26:00,271040291,75
44.102135,28.66516,0.1000000014901161,155.3000030517578,182.0,0.0,5.0,2022-05-05 22:18:00,671105100,75
40.86424,29.16566,0.1000000014901161,282.79998779296875,98.0,0.0,1.0,2022-03-22 20:14:00,677063200,75
43.89971,28.79638,7.300000190734863,16.200000762939453,511.0,-128.0,0.0,2022-03-13 11:51:00,374934000,75
44.578568,37.9437,0.4000000059604645,288.6000061035156,32.0,0.0,1.0,2022-05-01 16:34:00,273210440,75
44.389267,37.763634,1.0,275.29998779296875,144.0,-18.0,0.0,2022-05-07 17:44:00,273317430,75
44.58808,37.92216,0.1000000014901161,299.6000061035156,148.0,0.0,1.0,2022-04-11 02:39:00,352980836,75
41.28232,36.399845,8.399999618530273,348.0,349.0,0.0,0.0,2022-04-14 20:02:00,271000716,75
41.29612,36.371994,1.0,278.70001220703125,272.0,0.0,1.0,2022-04-14 11:17:00,271000050,75
40.83264,29.23042,0.1000000014901161,0.0,296.0,0.0,1.0,2022-03-12 02:06:00,613003570,75
40.794273,28.9049,1.100000023841858,241.5,352.0,-5.0,0.0,2022-05-08 23:29:00,256377000,75
41.070286,29.053204,7.800000190734863,9.100000381469728,10.0,0.0,0.0,2022-02-23 02:48:00,214182698,75
43.082348,28.89064,8.399999618530273,173.3000030517578,169.0,127.0,0.0,2022-04-06 19:43:00,353218000,75
44.159046,28.656773,0.1000000014901161,180.5,511.0,-128.0,5.0,2022-04-06 17:07:00,334029000,75
41.032486,29.01254,7.800000190734863,48.20000076293945,511.0,-128.0,0.0,2022-04-16 08:22:00,273358260,75
44.44335,37.43247,5.400000095367432,99.5,96.0,0.0,0.0,2022-03-18 09:41:00,538007563,75
44.281124,35.28808,11.899999618530272,276.6000061035156,275.0,0.0,0.0,2022-02-22 04:58:00,353065000,75
40.687775,29.313124,0.5,298.20001220703125,271.0,0.0,1.0,2022-03-12 19:08:00,636020245,75
40.79924,28.994724,1.399999976158142,167.1999969482422,139.0,0.0,0.0,2022-04-10 14:37:00,314263000,75
40.87879,29.187773,0.1000000014901161,5.0,45.0,0.0,1.0,2022-02-23 16:05:00,577454000,75
42.74725,27.96647,4.599999904632568,1.7000000476837158,10.0,0.0,0.0,2022-04-17 16:02:00,214182796,75
40.377453,27.9936,0.1000000014901161,332.29998779296875,52.0,-11.0,1.0,2022-04-18 17:55:00,273336790,75
44.00913,28.77842,12.399999618530272,142.39999389648438,139.0,0.0,0.0,2022-05-05 20:49:00,564634000,75
44.5712,37.939835,0.1000000014901161,94.0,41.0,0.0,1.0,2022-02-28 12:39:00,341588000,75
40.775948,28.982887,0.5,211.1000061035156,163.0,0.0,0.0,2022-04-10 11:17:00,245535000,75
40.8521,29.28826,0.1000000014901161,69.0,252.0,9.0,5.0,2022-02-18 03:24:00,247286900,75
41.343132,36.363068,0.4000000059604645,85.0999984741211,322.0,0.0,1.0,2022-05-07 05:47:00,405000240,75
44.159973,34.32254,5.5,244.1000061035156,511.0,-128.0,0.0,2022-02-20 21:28:00,273343800,75
41.261833,29.074566,0.1000000014901161,121.3000030517578,320.0,0.0,1.0,2022-03-22 11:38:00,273334200,75
44.591152,37.855892,3.200000047683716,16.100000381469727,17.0,0.0,0.0,2022-02-27 18:38:00,677016100,75
41.56984,29.01644,1.5,237.3999938964844,296.0,-7.0,0.0,2022-02-24 22:57:00,255806155,75
40.486732,28.367693,11.0,112.5999984741211,115.0,0.0,0.0,2022-04-16 19:22:00,667001460,75
44.507973,37.797367,8.800000190734863,78.0,79.0,0.0,0.0,2022-03-19 14:36:00,563085200,75
41.267548,29.06898,0.4000000059604645,119.3000030517578,511.0,-128.0,1.0,2022-03-22 22:39:00,677019400,75
40.757675,29.51342,8.5,265.79998779296875,261.0,0.0,0.0,2022-04-28 11:14:00,271040291,75
40.916653,28.84368,4.699999809265137,257.20001220703125,261.0,0.0,0.0,2022-03-03 09:31:00,248821000,75
40.723293,29.255457,10.5,93.4000015258789,92.0,-5.0,0.0,2022-03-24 08:41:00,538005167,75
45.110344,36.523827,0.1000000014901161,222.3999938964844,325.0,4.0,1.0,2022-03-27 18:53:00,273380460,75
40.38722,27.980324,0.1000000014901161,185.1000061035156,278.0,0.0,1.0,2022-04-03 06:34:00,255806130,75
42.156055,41.606007,0.1000000014901161,134.5,210.0,0.0,1.0,2022-04-09 02:27:00,477196700,75
45.122814,36.57586,0.2000000029802322,342.6000061035156,344.0,0.0,1.0,2022-03-08 03:37:00,636017263,75
40.87432,29.19577,0.1000000014901161,224.1000061035156,308.0,0.0,0.0,2022-04-19 16:09:00,271049621,75
40.797188,29.200533,5.699999809265137,142.39999389648438,145.0,0.0,0.0,2022-05-12 21:09:00,457347000,75
44.661617,37.902416,0.2000000029802322,210.6000061035156,112.0,0.0,1.0,2022-03-16 17:27:00,273317910,75
44.670654,37.80135,0.1000000014901161,56.5,511.0,-128.0,5.0,2022-03-13 16:09:00,273453660,75
41.304,29.078583,8.100000381469727,127.9000015258789,130.0,0.0,0.0,2022-04-08 11:22:00,273311240,75
44.593235,37.911213,0.3000000119209289,202.6000061035156,231.0,6.0,1.0,2022-03-28 06:39:00,273355260,75
44.408066,37.1669,6.300000190734863,55.5,64.0,0.0,0.0,2022-04-15 11:52:00,207124000,75
40.9297,38.383358,0.1000000014901161,355.20001220703125,81.0,0.0,1.0,2022-04-16 14:27:00,273350080,75
43.883648,29.51254,1.7000000476837158,357.29998779296875,298.0,-1.0,0.0,2022-02-17 14:18:00,538007797,75
40.946487,28.90588,3.0999999046325684,238.6999969482422,238.0,1.0,0.0,2022-04-28 12:29:00,241453000,75
40.37295,27.985167,0.1000000014901161,178.0,212.0,-9.0,1.0,2022-04-03 04:10:00,273339410,75
44.578785,37.899113,0.1000000014901161,360.0,31.0,2.0,1.0,2022-03-09 22:03:00,357263000,75
40.922333,27.516506,0.1000000014901161,125.1999969482422,86.0,0.0,1.0,2022-04-07 11:04:00,273379890,75
40.831867,29.128626,10.699999809265137,243.1000061035156,250.0,127.0,0.0,2022-03-13 01:27:00,229459000,75
43.85172,38.30162,1.0,28.700000762939453,37.0,0.0,0.0,2022-03-05 23:46:00,247391400,75
41.45045,31.23605,9.699999809265137,64.5999984741211,65.0,-128.0,0.0,2022-04-14 13:17:00,215059000,75
45.103016,36.560116,0.1000000014901161,137.0,260.0,7.0,1.0,2022-03-27 10:14:00,636012814,75
41.552906,31.858892,9.699999809265137,226.8000030517578,226.0,0.0,0.0,2022-02-27 10:33:00,271043400,75
41.73123,31.817596,5.5,235.6000061035156,230.0,-128.0,0.0,2022-04-17 08:32:00,273387100,75
44.15138,38.042595,10.399999618530272,345.29998779296875,347.0,0.0,0.0,2022-04-17 19:39:00,273216620,75
40.659878,28.694746,2.5999999046325684,57.900001525878906,24.0,-127.0,2.0,2022-03-01 11:59:00,214182653,75
41.254787,29.122892,8.800000190734863,159.5,161.0,0.0,0.0,2022-04-08 11:47:00,273311240,75
44.61412,37.718613,1.0,328.20001220703125,18.0,6.0,0.0,2022-03-25 06:41:00,241753000,75
40.91791,29.128387,0.1000000014901161,279.5,511.0,-128.0,0.0,2022-02-20 15:23:00,271048486,75
44.22068,35.649723,10.100000381469728,45.0,46.0,0.0,0.0,2022-05-12 06:26:00,273334560,75
41.040913,29.021227,9.100000381469728,56.59999847412109,58.0,0.0,0.0,2022-02-19 02:58:00,312700000,75
41.33172,36.361702,0.1000000014901161,231.1999969482422,322.0,0.0,1.0,2022-03-13 13:14:00,273416980,75
40.8714,29.200817,0.1000000014901161,246.1000061035156,321.0,0.0,1.0,2022-04-05 20:34:00,353830000,75
40.980312,28.942364,0.6000000238418579,294.29998779296875,511.0,-128.0,1.0,2022-03-18 16:09:00,677062000,75
40.86776,28.289248,9.600000381469728,264.1000061035156,260.0,0.0,0.0,2022-04-10 04:12:00,636020285,75
44.728706,37.790154,0.1000000014901161,211.3000030517578,52.0,0.0,5.0,2022-05-05 01:51:00,636016461,75
44.6128,37.723618,0.4000000059604645,212.0,133.0,0.0,2.0,2022-04-28 09:04:00,249848000,75
40.771584,27.756416,12.800000190734863,263.0,262.0,0.0,0.0,2022-03-22 01:11:00,431190000,75
41.262318,29.077972,0.5,172.0,220.0,0.0,1.0,2022-02-18 02:43:00,354443000,75
40.750854,28.881126,2.5999999046325684,64.19999694824219,32.0,-18.0,0.0,2022-03-08 07:21:00,229160000,75
44.112267,28.648563,4.400000095367432,166.5,511.0,-128.0,0.0,2022-03-01 12:58:00,264162436,75
40.820305,28.780354,8.100000381469727,63.0,57.0,0.0,0.0,2022-03-03 10:07:00,620139000,75
40.96691,28.767242,0.2000000029802322,3.0999999046325684,46.0,3.0,1.0,2022-02-27 22:24:00,273310060,75
40.782333,28.76059,1.2000000476837158,236.6000061035156,309.0,-128.0,0.0,2022-04-29 03:00:00,273387100,75
40.837654,28.914017,0.2000000029802322,218.1999969482422,177.0,0.0,0.0,2022-04-25 21:54:00,538008327,75
40.74942,29.0757,1.5,144.89999389648438,17.0,0.0,0.0,2022-02-28 07:48:00,273339220,75
40.862694,29.175186,0.1000000014901161,47.0,47.0,-127.0,1.0,2022-03-23 12:44:00,518857000,75
44.599033,37.917366,0.2000000029802322,0.0,38.0,16.0,1.0,2022-03-14 04:02:00,577459000,75
44.25076,37.819965,2.0,249.6000061035156,170.0,4.0,0.0,2022-05-06 19:04:00,538007771,75
41.01791,39.708935,0.1000000014901161,307.0,337.0,-14.0,1.0,2022-02-27 03:12:00,273331320,75
40.37623,27.97849,0.1000000014901161,123.6999969482422,25.0,9.0,1.0,2022-05-08 17:13:00,305284000,75
41.84963,31.536707,2.0,88.5999984741211,171.0,4.0,0.0,2022-04-20 03:23:00,538009199,75
41.299892,36.35557,0.1000000014901161,121.9000015258789,168.0,16.0,0.0,2022-04-15 14:17:00,577417000,75
40.80555,28.896566,0.1000000014901161,243.0,186.0,0.0,0.0,2022-04-01 08:27:00,636014311,75
40.8821,28.54648,8.600000381469727,260.5,260.0,0.0,1.0,2022-03-04 23:06:00,511009000,75
40.602955,28.043627,9.300000190734863,121.4000015258789,125.0,0.0,0.0,2022-04-12 10:51:00,636021102,75
40.845455,29.229567,0.1000000014901161,0.0,300.0,9.0,1.0,2022-03-01 07:22:00,374488000,75
44.574883,37.750233,0.3000000119209289,39.0,290.0,0.0,0.0,2022-04-06 02:07:00,240893000,75
40.821182,28.925516,0.3000000119209289,337.0,308.0,0.0,0.0,2022-03-26 22:16:00,229145000,75
43.199734,27.890787,102.3000030517578,360.0,132.0,0.0,5.0,2022-04-28 16:35:00,511100249,75
40.9333,28.880434,4.5,243.0,236.0,-127.0,0.0,2022-02-27 05:29:00,636018524,75
40.383915,27.965534,0.1000000014901161,289.0,57.0,0.0,1.0,2022-02-23 09:25:00,620139000,75
40.84482,29.025717,6.400000095367432,342.0,342.0,0.0,0.0,2022-03-27 21:31:00,249008000,75
40.764206,28.661766,3.200000047683716,292.1000061035156,329.0,127.0,0.0,2022-03-07 06:14:00,563085200,75
42.323193,33.30735,12.899999618530272,71.69999694824219,71.0,0.0,0.0,2022-04-03 21:52:00,241572000,75
41.68458,32.206825,7.099999904632568,193.1999969482422,196.0,9.0,0.0,2022-02-24 10:43:00,636019495,75
44.58499,37.939846,0.1000000014901161,203.1999969482422,138.0,-9.0,1.0,2022-02-22 05:01:00,273337080,75
41.993183,35.137917,0.1000000014901161,256.1000061035156,511.0,-128.0,0.0,2022-03-26 17:32:00,214182721,75
44.46162,37.276066,3.0999999046325684,126.5999984741211,132.0,4.0,0.0,2022-02-17 15:58:00,477591100,75
41.293266,36.353718,0.1000000014901161,278.0,84.0,15.0,1.0,2022-04-22 06:16:00,577547000,75
44.161343,28.797653,0.2000000029802322,340.70001220703125,23.0,0.0,1.0,2022-03-07 07:32:00,477852300,75
44.48784,37.64066,7.099999904632568,233.6999969482422,231.0,13.0,8.0,2022-05-14 13:44:00,271046117,75
40.881565,28.598566,13.199999809265137,257.0,261.0,0.0,0.0,2022-02-16 20:38:00,538004270,75
41.56119,30.34162,1.7999999523162842,95.0,163.0,2.0,0.0,2022-04-14 00:07:00,538009199,75
41.46916,29.119556,2.299999952316284,147.0,77.0,14.0,0.0,2022-03-11 00:46:00,538005983,75
44.59546,37.731533,0.2000000029802322,285.1000061035156,339.0,0.0,0.0,2022-02-25 22:23:00,538008331,75
43.24262,36.476284,4.300000190734863,32.0,33.0,0.0,0.0,2022-04-23 04:48:00,241331000,75
42.044228,35.26794,8.300000190734863,140.10000610351562,151.0,127.0,0.0,2022-02-28 23:33:00,273317720,75
44.11368,28.784134,0.2000000029802322,114.1999969482422,6.0,0.0,1.0,2022-04-12 15:34:00,272761000,75
41.286255,36.379055,0.2000000029802322,315.0,47.0,0.0,1.0,2022-03-17 02:43:00,273450880,75
43.891743,38.0691,1.2000000476837158,334.3999938964844,62.0,0.0,0.0,2022-03-07 10:06:00,247391400,75
44.42092,37.60764,1.2000000476837158,354.20001220703125,325.0,0.0,0.0,2022-04-21 17:22:00,215817000,75
40.946365,28.755367,0.6000000238418579,91.0,353.0,-127.0,0.0,2022-03-11 09:16:00,613003584,75
40.8219,29.048153,0.6000000238418579,111.4000015258789,132.0,0.0,0.0,2022-03-29 22:12:00,671341100,75
43.187435,27.946405,5.699999809265137,88.69999694824219,98.0,127.0,5.0,2022-03-09 17:22:00,272793000,75
40.956875,28.995007,6.099999904632568,349.6000061035156,350.0,127.0,0.0,2022-04-18 22:32:00,271043540,75
40.89794,28.641287,6.800000190734863,260.1000061035156,261.0,0.0,0.0,2022-03-07 20:22:00,229938000,75
45.1274,36.572308,0.1000000014901161,304.0,197.0,-3.0,1.0,2022-02-17 02:03:00,215489000,75
40.79447,28.86666,1.2000000476837158,211.8999938964844,192.0,0.0,0.0,2022-04-26 05:19:00,538008327,75
44.578213,37.908905,0.1000000014901161,308.29998779296875,76.0,0.0,1.0,2022-05-03 02:25:00,312487000,75
40.74974,29.447714,9.0,262.0,255.0,0.0,0.0,2022-03-25 15:01:00,214182736,75
44.594666,37.92714,0.2000000029802322,271.1000061035156,136.0,0.0,1.0,2022-04-29 19:55:00,273414440,75
42.04851,35.409206,14.0,113.0,115.0,-7.0,0.0,2022-04-06 12:23:00,373550000,75
44.141415,28.6498,0.1000000014901161,57.400001525878906,253.0,0.0,5.0,2022-04-25 09:01:00,419000160,75
43.199913,27.98742,0.6000000238418579,137.89999389648438,58.0,-127.0,1.0,2022-03-18 14:24:00,636012769,75
42.160076,41.600548,0.2000000029802322,23.200000762939453,217.0,12.0,1.0,2022-03-16 05:03:00,538009654,75
42.039528,34.23456,9.100000381469728,269.3999938964844,271.0,0.0,0.0,2022-04-23 05:37:00,271000956,75
41.91706,36.38848,14.0,94.5,93.0,0.0,0.0,2022-04-09 20:28:00,271000882,75
44.125706,37.08876,10.5,55.79999923706055,58.0,0.0,0.0,2022-02-22 15:03:00,636020849,75
40.849648,29.28856,0.1000000014901161,241.5,72.0,0.0,5.0,2022-03-25 06:54:00,248145000,75
40.82096,29.23924,0.1000000014901161,360.0,311.0,0.0,1.0,2022-03-14 14:28:00,620723000,75
41.188347,29.095373,5.599999904632568,49.09999847412109,45.0,0.0,0.0,2022-05-02 19:34:00,374575000,75
41.396,29.163893,9.699999809265137,261.3999938964844,260.0,-3.0,0.0,2022-04-13 04:44:00,241716000,75
40.887646,28.661516,10.600000381469728,260.3999938964844,265.0,4.0,0.0,2022-05-04 18:39:00,636018799,75
41.412067,36.5836,10.199999809265137,229.0,230.0,0.0,0.0,2022-03-08 19:36:00,271001000,75
45.034225,29.74294,0.2000000029802322,263.0,511.0,-128.0,1.0,2022-05-07 13:34:00,667001648,75
41.28926,36.3736,0.2000000029802322,18.700000762939453,334.0,0.0,1.0,2022-05-07 04:21:00,273318010,75
44.662773,37.889923,0.1000000014901161,6.0,274.0,0.0,1.0,2022-04-24 06:46:00,511100560,75
41.258556,29.317472,8.0,84.19999694824219,85.0,0.0,0.0,2022-05-08 11:49:00,577471000,75
42.165817,34.495716,12.699999809265137,86.0,84.0,0.0,8.0,2022-04-30 08:39:00,271049994,75
43.653435,28.893574,10.0,355.3999938964844,357.0,0.0,0.0,2022-03-25 09:56:00,255806162,75
44.348473,37.321728,8.199999809265137,64.4000015258789,66.0,0.0,0.0,2022-04-05 02:22:00,511100623,75
41.53359,30.975946,11.199999809265137,260.1000061035156,260.0,0.0,0.0,2022-04-27 08:54:00,667001703,75
45.06004,36.647236,0.3000000119209289,16.700000762939453,290.0,-8.0,1.0,2022-04-04 21:31:00,357100000,75
40.86932,29.219534,0.1000000014901161,206.6999969482422,511.0,-128.0,15.0,2022-03-04 00:43:00,271043927,75
44.675274,37.83298,6.400000095367432,151.89999389648438,154.0,0.0,0.0,2022-04-10 18:17:00,352001195,75
42.16485,41.601006,0.2000000029802322,48.20000076293945,206.0,-8.0,1.0,2022-03-02 06:33:00,413471950,75
40.756813,29.436527,0.1000000014901161,29.5,23.0,0.0,1.0,2022-04-26 01:37:00,215521000,75
44.59584,37.870575,9.5,246.3000030517578,511.0,-128.0,0.0,2022-02-23 05:18:00,273358260,75
44.451725,37.70579,1.5,331.0,38.0,0.0,0.0,2022-04-10 23:32:00,636021566,75
40.7042,29.15665,9.399999618530272,84.0999984741211,84.0,0.0,0.0,2022-04-05 10:27:00,538009698,75
44.446606,37.463493,1.0,288.20001220703125,5.0,5.0,0.0,2022-04-17 06:07:00,538090550,75
41.316235,29.222218,12.199999809265137,33.0,33.0,0.0,0.0,2022-04-07 02:32:00,372967000,75
44.57242,37.924633,0.2000000029802322,301.5,27.0,0.0,1.0,2022-03-11 14:49:00,667001738,75
40.790512,27.825415,10.100000381469728,255.8000030517578,258.0,0.0,0.0,2022-04-05 21:08:00,271000601,75
44.65433,37.895668,0.6000000238418579,70.0,131.0,0.0,1.0,2022-04-01 07:19:00,357500000,75
43.208107,27.983767,0.1000000014901161,308.8999938964844,511.0,15.0,1.0,2022-02-19 09:43:00,353920000,75
44.56058,36.51962,14.100000381469728,356.5,1.0,-3.0,0.0,2022-04-27 01:34:00,215034000,75
44.720722,37.810883,0.5,360.0,240.0,0.0,5.0,2022-02-19 11:24:00,563757000,75
42.22775,33.70692,6.099999904632568,267.29998779296875,264.0,-10.0,0.0,2022-03-24 04:42:00,273356260,75
44.55377,37.48435,9.199999809265137,293.79998779296875,295.0,0.0,0.0,2022-05-12 22:24:00,273348630,75
45.057343,29.75404,0.3000000119209289,68.19999694824219,46.0,0.0,1.0,2022-05-07 22:49:00,352898674,75
40.8638,28.4322,14.199999809265137,259.0,263.0,0.0,0.0,2022-03-24 06:22:00,352530000,75
40.83671,29.231173,0.1000000014901161,213.6999969482422,328.0,0.0,1.0,2022-04-16 09:24:00,214182775,75
41.385033,29.218866,12.399999618530272,228.0,230.0,0.0,0.0,2022-04-27 06:29:00,636018683,75
40.980167,28.942,0.1000000014901161,151.8000030517578,358.0,0.0,1.0,2022-03-07 23:19:00,370180000,75
41.03021,29.001034,8.100000381469727,22.299999237060547,40.0,127.0,0.0,2022-03-24 19:21:00,620723000,75
45.129116,36.526585,7.400000095367432,230.6999969482422,231.0,0.0,0.0,2022-04-26 02:32:00,636014528,75
44.151123,35.008987,13.0,236.8000030517578,236.0,0.0,0.0,2022-02-17 03:49:00,247391400,75
42.48073,29.006933,10.199999809265137,352.29998779296875,350.0,0.0,0.0,2022-05-11 18:09:00,667001639,75
42.187946,41.496372,7.900000095367432,270.0,272.0,0.0,5.0,2022-04-29 04:09:00,273359070,75
41.98216,35.151745,0.2000000029802322,242.3999938964844,4.0,0.0,1.0,2022-03-21 11:07:00,273317720,75
44.72782,37.7758,0.1000000014901161,32.0,511.0,-128.0,5.0,2022-04-15 04:48:00,273453430,75
41.54508,31.913107,0.1000000014901161,107.6999969482422,245.0,0.0,1.0,2022-04-03 12:55:00,352898727,75
43.905518,37.005432,9.300000190734863,54.0,56.0,0.0,0.0,2022-04-29 15:34:00,538003868,75
44.116432,28.67345,0.1000000014901161,0.0,70.0,-9.0,1.0,2022-03-17 15:27:00,272292000,75
40.75815,29.174374,1.600000023841858,173.1999969482422,149.0,0.0,0.0,2022-04-04 04:53:00,636018396,75
44.57255,37.852665,9.699999809265137,4.0,5.0,0.0,0.0,2022-05-09 04:29:00,636014488,75
42.0903,33.287918,6.300000190734863,258.70001220703125,511.0,-128.0,0.0,2022-03-23 19:24:00,273416810,75
40.89279,29.021866,7.400000095367432,317.79998779296875,319.0,0.0,0.0,2022-02-23 19:48:00,271042562,75
42.078,33.35196,9.0,270.0,270.0,0.0,0.0,2022-04-06 07:18:00,538009439,75
44.288246,28.608313,6.599999904632568,226.8000030517578,511.0,-128.0,0.0,2022-02-19 12:04:00,267210082,75
44.320946,37.117786,17.899999618530273,242.6000061035156,240.0,-7.0,0.0,2022-03-21 12:21:00,636019221,75
40.84812,27.650118,9.199999809265137,114.8000030517578,114.0,0.0,0.0,2022-02-27 00:58:00,271044659,75
41.210316,29.123684,8.899999618530273,41.0,38.0,5.0,1.0,2022-02-18 01:23:00,511100249,75
40.88027,29.187883,0.1000000014901161,273.6000061035156,50.0,0.0,0.0,2022-05-08 15:35:00,271002040,75
44.133312,28.65088,0.1000000014901161,162.1999969482422,511.0,-128.0,0.0,2022-05-01 22:54:00,264162624,75
44.569183,37.957615,0.2000000029802322,13.0,271.0,0.0,1.0,2022-04-13 09:14:00,538003719,75
41.258453,29.079607,0.1000000014901161,324.3999938964844,58.0,0.0,1.0,2022-04-20 13:31:00,518790000,75
42.15379,41.599934,0.3000000119209289,11.100000381469728,104.0,0.0,1.0,2022-04-18 10:46:00,636015758,75
40.7256,29.4796,0.1000000014901161,108.0,511.0,-128.0,5.0,2022-05-10 16:26:00,538003520,75
44.564255,36.46308,5.400000095367432,177.6999969482422,167.0,0.0,0.0,2022-05-04 03:09:00,273343200,75
40.89348,27.51142,8.899999618530273,112.3000030517578,111.0,0.0,0.0,2022-04-13 01:42:00,271044659,75
40.717968,28.9022,0.3000000119209289,48.59999847412109,26.0,0.0,0.0,2022-03-28 20:21:00,636014069,75
41.805843,30.260826,8.0,240.1999969482422,246.0,-128.0,0.0,2022-05-11 15:55:00,273389360,75
44.146973,28.7597,0.1000000014901161,12.199999809265137,344.0,0.0,1.0,2022-03-09 01:47:00,511100328,75
41.270515,29.0559,3.0999999046325684,112.0,106.0,-128.0,0.0,2022-02-18 04:19:00,273357900,75
42.168186,34.297512,13.300000190734863,84.69999694824219,84.0,0.0,0.0,2022-05-12 15:55:00,354547000,75
