,lat,long,sog,cog,heading,rot,nav_stt,timestamp,mmsi,shiptype
0,40.7575,29.506120000000003,10.300000190734863,267.39999389648443,262.0,0.0,0.0,2022-02-16 13:27:00,244010871,75
1,40.74176,29.37702,7.5,263.5,264.0,-127.0,1.0,2022-02-16 22:53:00,677017000,75
2,40.741306,29.316190000000002,8.300000190734862,265.70001220703125,265.0,0.0,1.0,2022-02-16 23:13:00,677017000,75
3,40.82678,28.885027,0.10000000149011612,5.800000190734862,213.0,0.0,0.0,2022-02-16 07:17:00,371999000,75
4,40.826767,28.886114000000003,0.10000000149011612,271.0,186.0,0.0,0.0,2022-02-16 06:57:00,371999000,75
5,41.252373,31.376565999999997,0.10000000149011612,180.0,150.0,-128.0,1.0,2022-02-16 07:27:00,405000241,75
6,41.3796,29.023983,0.699999988079071,25.0,8.0,0.0,0.0,2022-02-16 13:07:00,374540000,75
7,40.816105,28.916113,0.20000000298023224,0.10000000149011612,25.0,0.0,0.0,2022-02-16 03:37:00,538008955,75
8,40.8259,28.918153999999998,0.30000001192092896,337.20001220703125,10.0,0.0,0.0,2022-02-16 06:52:00,538008955,75
9,40.74812,29.61223,15.800000190734865,276.70001220703125,276.0,0.0,0.0,2022-02-16 13:04:00,244010871,75
10,40.864914,28.830753,7.699999809265138,81.80000305175781,81.0,-7.0,0.0,2022-02-16 06:58:00,371773000,75
11,44.201023,37.752415,6.300000190734862,201.6000061035156,511.0,-128.0,0.0,2022-02-16 02:30:00,667001368,75
12,40.82673,28.885659999999998,0.20000000298023224,264.79998779296875,180.0,0.0,0.0,2022-02-16 07:02:00,371999000,75
13,41.143370000000004,29.060579999999998,11.100000381469727,150.89999389648438,511.0,,,2022-02-16 06:58:00,271040397,75
14,40.389942,27.996392999999998,0.10000000149011612,213.8999938964844,198.0,0.0,1.0,2022-02-16 07:23:00,273298020,75
15,42.193813,41.60471,0.10000000149011612,197.8000030517578,107.0,0.0,1.0,2022-02-16 07:25:00,271048139,75
16,41.564583,29.36805,11.399999618530273,244.0,246.0,0.0,0.0,2022-02-16 10:36:00,374540000,75
17,41.527332,29.26795,11.0,241.0,243.0,0.0,0.0,2022-02-16 11:03:00,374540000,75
18,40.82242,28.884946999999997,0.4000000059604645,262.60000610351557,99.0,0.0,0.0,2022-02-16 10:27:00,371999000,75
19,40.822853,28.880974,1.100000023841858,171.60000610351562,154.0,0.0,0.0,2022-02-16 10:52:00,371999000,75
20,40.82032,28.881693,0.699999988079071,160.39999389648438,143.0,0.0,0.0,2022-02-16 11:02:00,371999000,75
21,41.37635,29.011815999999996,3.400000095367432,155.0,130.0,-127.0,0.0,2022-02-16 12:32:00,374540000,75
22,40.755054,28.912259999999996,0.4000000059604645,135.69999694824222,272.0,0.0,0.0,2022-02-16 09:22:00,538008955,75
23,40.749233000000004,28.91682,0.30000001192092896,150.8000030517578,300.0,0.0,0.0,2022-02-16 10:27:00,538008955,75
24,40.74834,28.917324,0.30000001192092896,147.8000030517578,311.0,0.0,0.0,2022-02-16 10:37:00,538008955,75
25,40.761234,29.570704,7.300000190734862,260.29998779296875,259.0,0.0,1.0,2022-02-16 21:47:00,677017000,75
26,40.752487,29.498372999999997,8.5,262.79998779296875,259.0,0.0,1.0,2022-02-16 22:12:00,677017000,75
27,40.742214000000004,28.121044,11.199999809265137,89.0,93.0,0.0,0.0,2022-02-16 23:28:00,271043916,75
28,44.15616,28.643476,0.10000000149011612,52.0,186.0,0.0,5.0,2022-02-16 23:41:00,636021019,75
29,40.824622999999995,28.91858,0.20000000298023224,342.70001220703125,18.0,0.0,0.0,2022-02-16 06:32:00,538008955,75
30,40.824978,28.918707,0.20000000298023224,346.20001220703125,13.0,0.0,0.0,2022-02-16 06:37:00,538008955,75
31,40.912079999999996,28.961613,7.699999809265138,51.5,56.0,0.0,0.0,2022-02-16 23:22:00,371999000,75
32,40.86224,28.91184,7.699999809265138,20.899999618530273,18.0,0.0,0.0,2022-02-16 23:52:00,538008955,75
33,40.969845,28.920746,0.10000000149011612,76.5999984741211,185.0,8.0,1.0,2022-02-16 10:56:00,371773000,75
34,40.968975,28.914753,0.20000000298023224,276.60000610351557,511.0,,,2022-02-16 23:18:00,271040397,75
35,40.389885,27.996166,0.10000000149011612,0.699999988079071,189.0,0.0,1.0,2022-02-16 10:18:00,273298020,75
36,40.38967,27.99558,0.20000000298023224,252.8000030517578,169.0,0.0,1.0,2022-02-16 10:39:00,273298020,75
37,40.388832,27.994473,0.10000000149011612,215.6000061035156,105.0,0.0,1.0,2022-02-16 11:09:00,273298020,75
38,41.527058000000004,29.3306,10.800000190734863,245.6999969482422,247.0,0.0,0.0,2022-02-16 10:42:00,636091604,75
39,41.54207,29.306034000000004,11.300000190734865,244.0,246.0,0.0,0.0,2022-02-16 10:52:00,374540000,75
40,41.187909999999995,29.093253999999998,9.800000190734863,224.1999969482422,511.0,,,2022-02-16 06:39:00,271040397,75
41,41.420914,29.092127,10.800000190734863,214.3000030517578,214.0,0.0,0.0,2022-02-16 11:52:00,636091604,75
42,40.739822,29.286965999999996,8.300000190734862,265.70001220703125,263.0,-127.0,1.0,2022-02-16 23:22:00,677017000,75
43,40.965709999999994,28.919006,5.9000000953674325,337.79998779296875,511.0,,,2022-02-16 23:02:00,271040397,75
44,40.737790000000004,27.797289000000003,11.600000381469727,80.30000305175781,80.0,0.0,0.0,2022-02-16 22:10:00,271043916,75
45,40.74191,27.889704,11.699999809265135,90.9000015258789,91.0,0.0,0.0,2022-02-16 22:32:00,271043916,75
46,41.366646,29.040854,8.300000190734862,215.3000030517578,217.0,0.0,0.0,2022-02-16 12:17:00,636091604,75
47,40.8809,29.174932000000002,0.10000000149011612,46.0,511.0,-128.0,1.0,2022-02-16 02:58:00,577363000,75
48,41.252365000000005,31.37668,0.10000000149011612,346.0,147.0,-128.0,1.0,2022-02-16 03:12:00,405000241,75
49,40.819359999999996,28.882137,0.6000000238418579,159.39999389648438,142.0,0.0,0.0,2022-02-16 11:07:00,371999000,75
50,40.745567,28.919327000000003,0.30000001192092896,141.89999389648438,353.0,0.0,0.0,2022-02-16 11:17:00,538008955,75
51,40.814053,28.886940000000003,0.8000000119209291,130.19999694824222,108.0,0.0,0.0,2022-02-16 11:27:00,371999000,75
52,40.786204999999995,28.90108,2.299999952316284,29.79999923706055,2.0,-127.0,0.0,2022-02-16 23:12:00,538008955,75
53,40.755866999999995,29.682959999999998,9.899999618530273,131.69999694824222,511.0,,,2022-02-16 11:45:00,271040397,75
54,44.706413,37.806854,4.400000095367432,160.5,159.0,0.0,0.0,2022-02-16 08:07:00,273353480,75
55,44.245544,37.7756,6.4000000953674325,202.8000030517578,511.0,-128.0,0.0,2022-02-16 02:03:00,667001368,75
56,44.810146,36.573,0.10000000149011612,79.0999984741211,213.0,0.0,1.0,2022-02-16 05:59:00,636018374,75
57,44.026886,37.66375,6.9000000953674325,198.5,511.0,-128.0,0.0,2022-02-16 04:09:00,667001368,75
58,40.38978,27.995346,0.10000000149011612,220.3000030517578,163.0,0.0,1.0,2022-02-16 23:39:00,273298020,75
59,40.389812,27.995420000000003,0.10000000149011612,33.299999237060554,155.0,0.0,1.0,2022-02-16 23:56:00,273298020,75
60,40.93398,28.980314,6.199999809265138,16.200000762939453,25.0,0.0,0.0,2022-02-16 23:37:00,371999000,75
61,40.744606,28.920090000000002,0.20000000298023224,157.39999389648438,5.0,0.0,0.0,2022-02-16 11:32:00,538008955,75
62,40.74431,28.920326,0.30000001192092896,141.3000030517578,7.0,0.0,0.0,2022-02-16 11:37:00,538008955,75
63,40.894397999999995,28.912613,6.9000000953674325,45.20000076293945,46.0,0.0,0.0,2022-02-16 07:32:00,371773000,75
64,40.881084,29.175234000000003,0.10000000149011612,154.0,511.0,-128.0,1.0,2022-02-16 10:38:00,577363000,75
65,40.96052,28.98885,6.4000000953674325,8.100000381469728,15.0,0.0,0.0,2022-02-16 23:52:00,371999000,75
66,44.15822,28.647583,0.10000000149011612,1.399999976158142,275.0,0.0,5.0,2022-02-16 02:43:00,636021019,75
67,40.820465000000006,28.918523999999998,0.20000000298023224,1.7000000476837158,23.0,0.0,0.0,2022-02-16 05:18:00,538008955,75
68,40.829533000000005,28.916977000000003,1.7000000476837158,55.79999923706055,80.0,127.0,0.0,2022-02-16 07:37:00,538008955,75
69,44.156227,28.643457,0.10000000149011612,10.600000381469727,185.0,0.0,5.0,2022-02-16 14:41:00,636021019,75
70,40.808727000000005,28.888906,0.4000000059604645,272.79998779296875,292.0,0.0,0.0,2022-02-16 14:22:00,371999000,75
71,44.156178000000004,28.643466999999998,0.10000000149011612,185.6999969482422,185.0,0.0,5.0,2022-02-16 07:37:00,636021019,75
72,41.273106,29.070997,5.9000000953674325,82.69999694824219,511.0,,,2022-02-16 05:08:00,271040397,75
73,40.81459,28.915194,0.10000000149011612,26.70000076293945,13.0,0.0,0.0,2022-02-16 02:27:00,538008955,75
74,40.814972,28.915466,0.10000000149011612,359.79998779296875,24.0,0.0,0.0,2022-02-16 02:47:00,538008955,75
75,40.822359999999996,28.918440000000004,0.20000000298023224,355.5,37.0,0.0,0.0,2022-02-16 05:52:00,538008955,75
76,41.263775,29.128767,6.4000000953674325,172.89999389648438,511.0,,,2022-02-16 05:58:00,271040397,75
77,44.156178000000004,28.643459999999997,0.10000000149011612,162.6999969482422,186.0,0.0,5.0,2022-02-16 14:19:00,636021019,75
78,40.814217,28.92387,6.5,175.10000610351562,175.0,0.0,0.0,2022-02-16 07:52:00,538008955,75
79,40.804984999999995,28.924229999999998,6.4000000953674325,177.60000610351562,182.0,0.0,0.0,2022-02-16 07:57:00,538008955,75
80,40.941463,28.950613,7.800000190734862,344.5,350.0,-9.0,0.0,2022-02-16 08:02:00,371773000,75
81,40.796707,28.923553000000002,5.599999904632568,185.6999969482422,186.0,0.0,0.0,2022-02-16 08:02:00,538008955,75
82,40.881084,29.173865999999997,0.10000000149011612,64.0,511.0,-128.0,1.0,2022-02-16 07:34:00,577363000,75
83,40.732986,28.93048,0.4000000059604645,142.60000610351562,342.0,0.0,0.0,2022-02-16 14:07:00,538008955,75
84,40.73298,28.931156,1.6000000238418581,337.1000061035156,327.0,0.0,0.0,2022-02-16 14:18:00,538008955,75
85,40.90123,28.921658,6.9000000953674325,44.5,44.0,-5.0,0.0,2022-02-16 07:37:00,371773000,75
86,40.975666,29.005996999999997,11.600000381469727,150.8000030517578,511.0,,,2022-02-16 07:57:00,271040397,75
87,40.7426,28.9234,5.9000000953674325,328.20001220703125,325.0,0.0,0.0,2022-02-16 14:27:00,538008955,75
88,41.38238,29.013665999999997,5.9000000953674325,210.0,211.0,0.0,0.0,2022-02-16 12:27:00,374540000,75
89,44.332546,37.821037,6.0,201.8999938964844,511.0,-128.0,0.0,2022-02-16 01:08:00,667001368,75
90,44.19549,37.749424,6.4000000953674325,201.5,511.0,-128.0,0.0,2022-02-16 02:33:00,667001368,75
91,40.779579999999996,28.92122,6.5,194.3999938964844,206.0,127.0,0.0,2022-02-16 08:12:00,538008955,75
92,40.88085,29.174916999999997,0.10000000149011612,349.0,511.0,-128.0,1.0,2022-02-16 02:52:00,577363000,75
93,40.82779,28.927757,0.5,353.79998779296875,221.0,0.0,0.0,2022-02-16 02:57:00,371999000,75
94,40.92224,28.948206,6.9000000953674325,40.400001525878906,39.0,-5.0,0.0,2022-02-16 07:52:00,371773000,75
95,41.500954,29.254859999999997,11.100000381469727,246.5,248.0,0.0,0.0,2022-02-16 11:03:00,636091604,75
96,41.487274,29.20475,11.0,253.1999969482422,254.0,0.0,0.0,2022-02-16 11:16:00,636091604,75
97,40.8806,29.17525,0.10000000149011612,124.0,511.0,-128.0,1.0,2022-02-16 14:32:00,577363000,75
98,40.790245,28.890907000000002,0.30000001192092896,139.0,51.0,0.0,0.0,2022-02-16 21:37:00,538008955,75
99,44.611909999999995,37.90078,5.300000190734863,138.10000610351562,139.0,0.0,0.0,2022-02-16 14:38:00,273353480,75
100,44.603714000000004,37.911255,3.0,127.1999969482422,129.0,0.0,0.0,2022-02-16 14:48:00,273353480,75
101,40.881035,29.173717,0.10000000149011612,19.0,511.0,-128.0,1.0,2022-02-16 06:04:00,577363000,75
102,40.749584000000006,29.528392999999998,10.100000381469727,93.0999984741211,511.0,,,2022-02-16 10:53:00,271040397,75
103,44.158848,28.653536,1.7999999523162842,68.40000152587889,264.0,0.0,5.0,2022-02-16 06:05:00,636021019,75
104,40.948082,29.023353999999998,10.399999618530273,151.3000030517578,511.0,,,2022-02-16 08:07:00,271040397,75
105,40.955875,28.939377,5.0,322.5,328.0,-8.0,0.0,2022-02-16 08:12:00,371773000,75
106,40.809826,28.905,0.30000001192092896,16.100000381469727,168.0,0.0,0.0,2022-02-16 19:52:00,371999000,75
107,45.077521999999995,36.505245,7.5,352.20001220703125,354.0,0.0,0.0,2022-02-16 06:19:00,273438670,75
108,45.087067,36.503727000000005,7.199999809265138,355.70001220703125,358.0,0.0,0.0,2022-02-16 06:23:00,273438670,75
109,40.767105,28.89892,6.699999809265138,323.3999938964844,320.0,0.0,0.0,2022-02-16 14:42:00,538008955,75
110,40.90844,28.930964000000003,6.9000000953674325,44.70000076293945,44.0,5.0,0.0,2022-02-16 07:42:00,371773000,75
111,44.81078,36.573112,0.10000000149011612,272.70001220703125,207.0,0.0,1.0,2022-02-16 14:05:00,636018374,75
112,41.385117,29.027683000000003,0.5,37.0,27.0,0.0,0.0,2022-02-16 13:42:00,374540000,75
113,41.548065,29.32255,11.300000190734865,243.0,246.0,0.0,0.0,2022-02-16 10:48:00,374540000,75
114,41.00914,28.9978,12.300000190734865,164.6999969482422,511.0,,,2022-02-16 07:47:00,271040397,75
115,40.99212,28.999332,12.399999618530273,176.0,511.0,,,2022-02-16 07:52:00,271040397,75
116,41.2523,31.376726,0.10000000149011612,24.10000038146973,144.0,-128.0,1.0,2022-02-16 03:00:00,405000241,75
117,41.251846,31.37572,0.10000000149011612,16.299999237060547,122.0,-128.0,1.0,2022-02-16 06:18:00,405000241,75
118,41.20874,29.116106,7.9000000953674325,211.6000061035156,511.0,,,2022-02-16 06:28:00,271040397,75
119,41.346540000000005,29.024459999999998,8.199999809265138,208.3000030517578,209.0,0.0,0.0,2022-02-16 12:28:00,636091604,75
120,44.156209999999994,28.64351,0.10000000149011612,20.200000762939453,185.0,0.0,5.0,2022-02-16 12:13:00,636021019,75
121,40.38993,27.99636,0.10000000149011612,45.599998474121094,195.0,0.0,1.0,2022-02-16 07:52:00,273298020,75
122,40.825615,28.889112,0.10000000149011612,294.1000061035156,219.0,0.0,0.0,2022-02-16 06:07:00,371999000,75
123,44.7245,37.783157,3.2999999523162837,84.5,84.0,0.0,0.0,2022-02-16 07:42:00,273353480,75
124,41.254776,29.12922,6.5,178.0,511.0,,,2022-02-16 06:03:00,271040397,75
125,41.249626,31.377746999999996,0.10000000149011612,297.5,352.0,-128.0,1.0,2022-02-16 14:45:00,405000241,75
126,40.73315,29.41403,10.699999809265137,76.0,511.0,,,2022-02-16 10:23:00,271040397,75
127,44.36399,37.83846,6.199999809265138,202.6000061035156,511.0,-128.0,0.0,2022-02-16 00:47:00,667001368,75
128,44.270109999999995,37.78796,6.199999809265138,200.1000061035156,511.0,-128.0,0.0,2022-02-16 01:48:00,667001368,75
129,40.82394,28.918591999999997,0.30000001192092896,359.29998779296875,29.0,0.0,0.0,2022-02-16 06:22:00,538008955,75
130,44.1562,28.643457,0.10000000149011612,5.099999904632568,185.0,0.0,5.0,2022-02-16 14:47:00,636021019,75
131,44.1562,28.643457,0.10000000149011612,348.29998779296875,185.0,0.0,5.0,2022-02-16 15:13:00,636021019,75
132,40.8178,28.916254,0.10000000149011612,347.29998779296875,36.0,0.0,0.0,2022-02-16 04:52:00,538008955,75
133,40.82618,28.896420000000003,0.699999988079071,266.29998779296875,200.0,0.0,0.0,2022-02-16 05:27:00,371999000,75
134,40.825720000000004,28.891813,0.6000000238418579,247.3999938964844,193.0,0.0,0.0,2022-02-16 05:47:00,371999000,75
135,44.725025,37.77835,1.399999976158142,117.9000015258789,120.0,0.0,0.0,2022-02-16 07:37:00,273353480,75
136,40.772434000000004,28.89067,0.4000000059604645,137.60000610351562,334.0,0.0,0.0,2022-02-16 15:27:00,538008955,75
137,40.388020000000004,27.994658,0.10000000149011612,331.0,57.0,0.0,1.0,2022-02-16 15:15:00,273298020,75
138,44.718315000000004,37.800755,4.599999904632568,159.60000610351562,159.0,0.0,0.0,2022-02-16 07:57:00,273353480,75
139,41.387867,29.03125,0.10000000149011612,240.0,83.0,0.0,0.0,2022-02-16 15:02:00,374540000,75
140,40.925865,28.976803000000004,6.199999809265138,19.799999237060547,30.0,0.0,0.0,2022-02-16 23:32:00,371999000,75
141,40.815146999999996,28.91556,0.20000000298023224,5.199999809265137,27.0,0.0,0.0,2022-02-16 02:52:00,538008955,75
142,40.826412,28.888807,0.20000000298023224,319.29998779296875,247.0,0.0,0.0,2022-02-16 06:27:00,371999000,75
143,40.742670000000004,28.921529999999997,0.30000001192092896,144.0,20.0,0.0,0.0,2022-02-16 12:02:00,538008955,75
144,40.814674,28.89845,8.800000190734863,353.79998779296875,350.0,0.0,0.0,2022-02-16 23:27:00,538008955,75
145,42.201984,31.147616999999997,11.5,243.0,244.0,0.0,0.0,2022-02-16 03:01:00,374540000,75
146,41.249718,31.376713,0.10000000149011612,318.20001220703125,24.0,-128.0,1.0,2022-02-16 15:15:00,405000241,75
147,41.251296999999994,31.37565,0.20000000298023224,10.899999618530273,100.0,-128.0,1.0,2022-02-16 15:57:00,405000241,75
148,44.155296,28.649727000000002,2.5,277.60000610351557,275.0,0.0,5.0,2022-02-16 06:25:00,636021019,75
149,44.155696999999996,28.6455,0.8000000119209291,288.6000061035156,260.0,0.0,5.0,2022-02-16 06:31:00,636021019,75
150,44.158245,28.647564000000003,0.10000000149011612,359.20001220703125,275.0,0.0,5.0,2022-02-16 03:07:00,636021019,75
151,40.749283,29.4663,8.5,263.10000610351557,259.0,127.0,1.0,2022-02-16 22:23:00,677017000,75
152,41.374783,29.018417,1.2999999523162842,65.0,43.0,0.0,0.0,2022-02-16 12:42:00,374540000,75
153,41.376568,29.0215,0.8999999761581421,41.0,21.0,0.0,0.0,2022-02-16 12:52:00,374540000,75
154,41.3776,29.0225,0.8999999761581421,34.0,15.0,0.0,0.0,2022-02-16 12:57:00,374540000,75
155,40.770653,29.634120000000003,9.100000381469727,68.5,511.0,,,2022-02-16 11:23:00,271040397,75
156,44.16019,28.6544,0.6000000238418579,183.5,165.0,-127.0,5.0,2022-02-16 06:11:00,636021019,75
157,40.969975,28.920094,0.10000000149011612,204.3999938964844,155.0,-5.0,1.0,2022-02-16 12:38:00,371773000,75
158,40.808365,28.884953000000003,1.100000023841858,167.60000610351562,161.0,0.0,0.0,2022-02-16 12:38:00,371999000,75
159,40.74034,28.923384000000002,0.4000000059604645,147.0,16.0,0.0,0.0,2022-02-16 12:37:00,538008955,75
160,40.807102,28.886093,1.2999999523162842,1.8999999761581419,179.0,0.0,0.0,2022-02-16 12:57:00,371999000,75
161,40.835793,28.898464,6.199999809265138,22.0,25.0,0.0,0.0,2022-02-16 23:37:00,538008955,75
162,41.252390000000005,31.376593,0.10000000149011612,299.5,146.0,-128.0,1.0,2022-02-16 03:18:00,405000241,75
163,42.19372,41.60475,0.10000000149011612,197.8000030517578,104.0,0.0,1.0,2022-02-16 00:37:00,271048139,75
164,40.749508,29.508340000000004,9.699999809265137,85.0999984741211,511.0,,,2022-02-16 10:48:00,271040397,75
165,40.81473,28.879820000000002,2.799999952316284,352.0,24.0,127.0,0.0,2022-02-16 16:17:00,371999000,75
166,40.87781,28.90799,5.599999904632568,43.5,52.0,0.0,0.0,2022-02-16 22:52:00,371999000,75
167,40.787834000000004,28.883053000000004,4.400000095367432,330.29998779296875,325.0,0.0,0.0,2022-02-16 19:32:00,538008955,75
168,40.755615,29.540157,9.199999809265137,276.79998779296875,511.0,,,2022-02-16 19:48:00,271040397,75
169,40.759426,29.555843,7.699999809265138,260.60000610351557,259.0,0.0,1.0,2022-02-16 21:53:00,677017000,75
170,40.742973,29.389940000000003,7.300000190734862,261.0,260.0,0.0,1.0,2022-02-16 22:48:00,677017000,75
171,40.786053,28.898096000000002,0.4000000059604645,128.39999389648438,43.0,0.0,0.0,2022-02-16 22:57:00,538008955,75
172,41.39435,29.027215999999996,0.30000001192092896,348.0,48.0,0.0,0.0,2022-02-16 17:22:00,374540000,75
173,40.38991,27.996353000000003,0.10000000149011612,268.10000610351557,205.0,0.0,1.0,2022-02-16 22:43:00,273298020,75
174,41.399418,29.026667,0.30000001192092896,1.0,60.0,0.0,0.0,2022-02-16 18:12:00,374540000,75
175,41.40402,29.028183000000002,0.20000000298023224,357.0,74.0,0.0,0.0,2022-02-16 19:20:00,374540000,75
176,41.410717,29.028216999999998,0.10000000149011612,279.0,115.0,0.0,0.0,2022-02-16 21:52:00,374540000,75
177,40.797455,28.911114,0.8000000119209291,28.5,28.0,0.0,0.0,2022-02-16 21:07:00,371999000,75
178,40.968925,28.922366999999998,0.20000000298023224,196.8000030517578,274.0,5.0,1.0,2022-02-16 21:08:00,371773000,75
179,40.808502000000004,29.15598,10.600000381469727,300.3999938964844,511.0,,,2022-02-16 21:37:00,271040397,75
180,40.822604999999996,29.121857000000002,10.600000381469727,299.79998779296875,511.0,,,2022-02-16 21:47:00,271040397,75
181,40.830486,29.105293,10.600000381469727,303.79998779296875,511.0,,,2022-02-16 21:52:00,271040397,75
182,41.407115999999995,29.02935,0.10000000149011612,4.0,82.0,0.0,0.0,2022-02-16 20:12:00,374540000,75
183,40.78998,28.89128,0.4000000059604645,134.30000305175778,49.0,0.0,0.0,2022-02-16 21:42:00,538008955,75
184,44.15586,28.644340000000003,0.30000001192092896,225.6000061035156,214.0,0.0,5.0,2022-02-16 06:43:00,636021019,75
185,40.67185,27.473946,11.300000190734865,67.59999847412111,69.0,0.0,0.0,2022-02-16 20:50:00,271043916,75
186,40.79365,28.883734000000004,0.4000000059604645,105.5,36.0,0.0,0.0,2022-02-16 20:18:00,538008955,75
187,41.407866999999996,29.02955,0.10000000149011612,15.0,83.0,0.0,0.0,2022-02-16 20:27:00,374540000,75
188,40.969120000000004,28.922273999999998,0.10000000149011612,155.39999389648438,259.0,9.0,1.0,2022-02-16 20:56:00,371773000,75
189,40.969032,28.922354,0.10000000149011612,328.3999938964844,270.0,-5.0,1.0,2022-02-16 21:02:00,371773000,75
190,40.969691999999995,28.921833000000003,0.10000000149011612,163.5,235.0,9.0,1.0,2022-02-16 16:56:00,371773000,75
191,40.773094,29.258778000000003,9.800000190734863,291.79998779296875,511.0,,,2022-02-16 21:07:00,271040397,75
192,40.798286,28.912033,1.2999999523162842,54.5,37.0,0.0,0.0,2022-02-16 21:12:00,371999000,75
193,40.969547,28.922265999999997,0.10000000149011612,349.3999938964844,259.0,-9.0,1.0,2022-02-16 19:38:00,371773000,75
194,40.759605,28.908866999999997,0.5,162.89999389648438,258.0,0.0,0.0,2022-02-16 08:37:00,538008955,75
195,40.83982,29.087603,10.5,305.6000061035156,511.0,,,2022-02-16 21:58:00,271040397,75
196,41.250965,31.3753,0.10000000149011612,179.3000030517578,94.0,-128.0,1.0,2022-02-16 21:57:00,405000241,75
197,40.389927,27.995663,0.10000000149011612,264.79998779296875,178.0,0.0,1.0,2022-02-16 23:33:00,273298020,75
198,44.156136,28.64348,0.10000000149011612,164.0,186.0,0.0,5.0,2022-02-16 22:49:00,636021019,75
199,40.739067,29.271735999999997,8.399999618530272,266.89999389648443,263.0,0.0,1.0,2022-02-16 23:27:00,677017000,75
200,41.50025,29.198217,10.5,249.0,250.0,0.0,0.0,2022-02-16 11:22:00,374540000,75
201,41.432575,29.102806,10.899999618530273,214.5,215.0,0.0,0.0,2022-02-16 11:48:00,636091604,75
202,41.441565999999995,29.086817,10.600000381469727,230.0,231.0,0.0,0.0,2022-02-16 11:57:00,374540000,75
203,40.74333,28.921096999999996,0.30000001192092896,148.5,16.0,0.0,0.0,2022-02-16 11:52:00,538008955,75
204,40.815174,28.88768,0.20000000298023224,13.0,208.0,0.0,0.0,2022-02-16 12:12:00,371999000,75
205,41.251205,31.375396999999996,0.10000000149011612,15.699999809265135,100.0,-128.0,1.0,2022-02-16 23:39:00,405000241,75
206,41.059353,29.044456,12.800000190734865,202.8000030517578,511.0,,,2022-02-16 07:27:00,271040397,75
207,40.389126,27.994627,0.10000000149011612,17.399999618530273,118.0,0.0,1.0,2022-02-16 18:13:00,273298020,75
208,40.748394,29.630793,10.300000190734863,274.70001220703125,511.0,,,2022-02-16 19:22:00,271040397,75
209,40.814312,28.88744,0.4000000059604645,17.200000762939453,193.0,0.0,0.0,2022-02-16 12:02:00,371999000,75
210,40.814834999999995,28.88761,0.30000001192092896,11.100000381469727,204.0,0.0,0.0,2022-02-16 12:07:00,371999000,75
211,40.74232,28.92179,0.30000001192092896,147.1999969482422,21.0,0.0,0.0,2022-02-16 12:07:00,538008955,75
212,40.741046999999995,28.92282,0.30000001192092896,140.5,18.0,0.0,0.0,2022-02-16 12:27:00,538008955,75
213,41.41,29.02925,0.10000000149011612,329.0,116.0,0.0,0.0,2022-02-16 21:27:00,374540000,75
214,40.968964,28.92237,0.10000000149011612,220.3999938964844,281.0,5.0,1.0,2022-02-16 21:29:00,371773000,75
215,44.310596000000004,37.808914,5.9000000953674325,198.1000061035156,511.0,-128.0,0.0,2022-02-16 01:22:00,667001368,75
216,40.813545,28.912544,0.6000000238418579,58.5,31.0,0.0,0.0,2022-02-16 00:37:00,538008955,75
217,40.83483,28.892066999999997,0.6000000238418579,311.29998779296875,24.0,0.0,0.0,2022-02-16 00:42:00,371999000,75
218,42.200066,31.14245,11.5,243.0,244.0,0.0,0.0,2022-02-16 03:03:00,374540000,75
219,41.407883,29.02955,0.10000000149011612,8.0,83.0,0.0,0.0,2022-02-16 20:28:00,374540000,75
220,40.80268,28.90196,1.0,210.1999969482422,233.0,0.0,0.0,2022-02-16 20:12:00,371999000,75
221,40.810352,28.91514,2.200000047683716,319.3999938964844,311.0,0.0,0.0,2022-02-16 21:37:00,371999000,75
222,40.389472999999995,27.994967,0.10000000149011612,8.199999809265138,147.0,0.0,1.0,2022-02-16 21:30:00,273298020,75
223,40.728592,27.726202,11.600000381469727,80.0,80.0,0.0,0.0,2022-02-16 21:53:00,271043916,75
224,40.790485,28.89053,0.30000001192092896,130.19999694824222,52.0,0.0,0.0,2022-02-16 21:32:00,538008955,75
225,41.25132,31.375473,0.10000000149011612,221.8999938964844,105.0,-128.0,1.0,2022-02-16 21:33:00,405000241,75
226,40.836327000000004,28.883436,0.4000000059604645,295.0,355.0,0.0,0.0,2022-02-16 01:27:00,371999000,75
227,40.828520000000005,28.927446000000003,0.6000000238418579,331.5,203.0,0.0,0.0,2022-02-16 03:02:00,371999000,75
228,40.786312,28.897614,0.4000000059604645,123.4000015258789,41.0,0.0,0.0,2022-02-16 22:52:00,538008955,75
229,40.747955,29.451520000000002,8.600000381469728,264.0,259.0,0.0,1.0,2022-02-16 22:27:00,677017000,75
230,40.792152,28.8876,0.30000001192092896,123.0,43.0,0.0,0.0,2022-02-16 20:57:00,538008955,75
231,40.88844,28.922559999999997,5.5,47.099998474121094,56.0,0.0,0.0,2022-02-16 23:02:00,371999000,75
232,40.881465999999996,29.1747,0.10000000149011612,2.0,511.0,-128.0,1.0,2022-02-16 09:23:00,577363000,75
233,40.97,28.919987,0.10000000149011612,351.8999938964844,150.0,7.0,1.0,2022-02-16 09:35:00,371773000,75
234,40.96996,28.920467,0.10000000149011612,242.1999969482422,172.0,-7.0,1.0,2022-02-16 12:14:00,371773000,75
235,40.79252,29.22738,10.199999809265137,147.8000030517578,511.0,,,2022-02-16 09:27:00,271040397,75
236,40.733387,29.339259999999996,10.699999809265137,104.4000015258789,511.0,,,2022-02-16 10:03:00,271040397,75
237,41.713333,29.853333000000003,10.0,242.0,,,,2022-02-16 08:21:00,636091604,75
238,40.943214000000005,28.9372,9.5,315.20001220703125,511.0,,,2022-02-16 22:52:00,271040397,75
239,41.37624,29.04972,8.399999618530272,214.6000061035156,216.0,0.0,0.0,2022-02-16 12:12:00,636091604,75
240,41.410667,29.0278,0.10000000149011612,93.0,70.0,0.0,0.0,2022-02-16 23:52:00,374540000,75
241,40.75141,28.915234,0.4000000059604645,149.10000610351562,285.0,0.0,0.0,2022-02-16 10:03:00,538008955,75
242,40.743988,28.920579999999998,0.30000001192092896,139.30000305175778,10.0,0.0,0.0,2022-02-16 11:42:00,538008955,75
243,40.741659999999996,28.922293,0.30000001192092896,140.8000030517578,20.0,0.0,0.0,2022-02-16 12:17:00,538008955,75
244,40.96995,28.92043,0.10000000149011612,26.10000038146973,167.0,8.0,1.0,2022-02-16 12:08:00,371773000,75
245,40.96929,28.922287,0.10000000149011612,312.8999938964844,265.0,0.0,1.0,2022-02-16 23:53:00,371773000,75
246,40.82659,28.887278000000002,0.10000000149011612,280.60000610351557,221.0,0.0,0.0,2022-02-16 06:42:00,371999000,75
247,40.82346,28.892222999999998,0.4000000059604645,250.0,93.0,0.0,0.0,2022-02-16 09:42:00,371999000,75
248,40.81552,28.887635999999997,0.20000000298023224,336.29998779296875,208.0,0.0,0.0,2022-02-16 12:17:00,371999000,75
249,40.813587,28.887327000000003,0.5,356.29998779296875,170.0,0.0,0.0,2022-02-16 11:57:00,371999000,75
250,40.81006,28.8849,1.100000023841858,185.5,180.0,0.0,0.0,2022-02-16 12:32:00,371999000,75
251,40.755444,28.908653,0.5,131.69999694824222,309.0,0.0,0.0,2022-02-16 17:47:00,538008955,75
252,40.74064,28.227372999999996,11.199999809265137,91.0,92.0,0.0,0.0,2022-02-16 23:54:00,271043916,75
253,40.969635,28.922079999999998,0.10000000149011612,358.29998779296875,246.0,-11.0,1.0,2022-02-16 19:53:00,371773000,75
254,40.737186,29.225517,8.399999618530272,267.70001220703125,262.0,-127.0,1.0,2022-02-16 23:42:00,677017000,75
255,41.4053,29.02875,0.10000000149011612,24.0,75.0,0.0,0.0,2022-02-16 19:42:00,374540000,75
256,40.793953,28.881573,0.30000001192092896,87.9000015258789,10.0,0.0,0.0,2022-02-16 19:57:00,538008955,75
257,44.15617,28.643457,0.10000000149011612,359.20001220703125,185.0,0.0,5.0,2022-02-16 23:55:00,636021019,75
258,44.810307,36.57313,0.10000000149011612,218.6000061035156,212.0,0.0,1.0,2022-02-16 12:29:00,636018374,75
259,44.724964,37.79052,4.099999904632568,85.5,85.0,0.0,0.0,2022-02-16 07:47:00,273353480,75
260,44.644490000000005,37.864212,6.0999999046325675,126.5999984741211,130.0,0.0,0.0,2022-02-16 14:12:00,273353480,75
261,40.826885,28.883854,2.400000095367432,223.1000061035156,265.0,127.0,0.0,2022-02-16 07:47:00,371999000,75
262,40.836353,28.885754,0.699999988079071,236.3000030517578,13.0,0.0,0.0,2022-02-16 01:12:00,371999000,75
263,40.827812,28.918329999999997,1.7000000476837158,96.6999969482422,108.0,0.0,0.0,2022-02-16 02:07:00,371999000,75
264,40.389446,27.996570000000002,0.10000000149011612,173.5,203.0,0.0,1.0,2022-02-16 05:09:00,273298020,75
265,40.881065,29.173817,0.10000000149011612,207.0,511.0,-128.0,1.0,2022-02-16 07:49:00,577363000,75
266,41.022354,28.996506,11.899999618530273,194.6000061035156,511.0,,,2022-02-16 07:43:00,271040397,75
267,40.881115,29.173983000000003,0.10000000149011612,311.0,511.0,-128.0,1.0,2022-02-16 07:43:00,577363000,75
268,40.91516,28.939653000000003,6.9000000953674325,44.599998474121094,44.0,-8.0,0.0,2022-02-16 07:47:00,371773000,75
269,40.7507,28.916520000000002,7.5999999046325675,326.1000061035156,324.0,0.0,0.0,2022-02-16 14:32:00,538008955,75
270,40.808640000000004,28.88737,0.4000000059604645,145.1999969482422,318.0,0.0,0.0,2022-02-16 14:37:00,371999000,75
271,41.24968,31.377974,0.10000000149011612,308.70001220703125,346.0,-128.0,1.0,2022-02-16 14:33:00,405000241,75
272,44.810204,36.56988,0.10000000149011612,274.10000610351557,157.0,0.0,1.0,2022-02-16 03:11:00,636018374,75
273,40.388855,27.997276,0.10000000149011612,128.10000610351562,245.0,0.0,1.0,2022-02-16 02:45:00,273298020,75
274,40.814503,28.91514,0.10000000149011612,50.599998474121094,13.0,0.0,0.0,2022-02-16 02:22:00,538008955,75
275,40.824486,28.925103999999997,0.20000000298023224,202.1999969482422,152.0,0.0,0.0,2022-02-16 02:32:00,371999000,75
276,40.824566,28.924353000000004,1.2000000476837158,14.300000190734865,199.0,127.0,0.0,2022-02-16 02:42:00,371999000,75
277,40.820732,28.918583,0.20000000298023224,8.300000190734862,25.0,0.0,0.0,2022-02-16 05:22:00,538008955,75
278,40.821255,28.918359999999996,0.20000000298023224,348.6000061035156,29.0,0.0,0.0,2022-02-16 05:32:00,538008955,75
279,40.82213,28.918383000000002,0.20000000298023224,2.700000047683716,35.0,0.0,0.0,2022-02-16 05:47:00,538008955,75
280,42.193905,41.604797,0.10000000149011612,197.8000030517578,114.0,0.0,1.0,2022-02-16 01:19:00,271048139,75
281,44.631752,37.87961,6.0,140.8000030517578,143.0,0.0,0.0,2022-02-16 14:23:00,273353480,75
282,41.154762,29.056420000000003,10.600000381469727,183.6999969482422,511.0,,,2022-02-16 06:54:00,271040397,75
283,44.700768,37.809734000000006,4.300000190734863,161.8000030517578,161.0,0.0,0.0,2022-02-16 08:12:00,273353480,75
284,40.691814,29.325333,9.600000381469727,201.8999938964844,203.0,0.0,0.0,2022-02-16 14:17:00,244010871,75
285,40.8101,28.88918,0.4000000059604645,144.0,338.0,0.0,0.0,2022-02-16 13:52:00,371999000,75
286,40.388683,27.994387,0.10000000149011612,349.29998779296875,91.0,0.0,1.0,2022-02-16 13:43:00,273298020,75
287,40.38845,27.994373,0.10000000149011612,194.8999938964844,87.0,0.0,1.0,2022-02-16 14:05:00,273298020,75
288,41.290024,28.974087,0.10000000149011612,2.799999952316284,226.0,0.0,1.0,2022-02-16 13:50:00,636091604,75
289,44.6184,37.89346,6.0,143.1999969482422,144.0,0.0,0.0,2022-02-16 14:32:00,273353480,75
290,40.828590000000005,28.921614,3.7999999523162837,137.30000305175778,153.0,127.0,0.0,2022-02-16 07:42:00,538008955,75
291,40.969227000000004,28.920053000000003,0.5,122.5999984741211,117.0,-8.0,1.0,2022-02-16 13:50:00,371773000,75
292,41.252346,31.3765,0.10000000149011612,26.5,144.0,-128.0,1.0,2022-02-16 03:24:00,405000241,75
293,41.25196,31.3758,0.10000000149011612,266.89999389648443,126.0,-128.0,1.0,2022-02-16 05:12:00,405000241,75
294,40.78845,28.922733,6.4000000953674325,183.6000061035156,185.0,0.0,0.0,2022-02-16 08:08:00,538008955,75
295,40.881035,29.174066999999997,0.10000000149011612,81.0,511.0,-128.0,1.0,2022-02-16 08:07:00,577363000,75
296,40.868595,29.182322999999997,0.10000000149011612,95.9000015258789,192.0,0.0,1.0,2022-02-16 08:18:00,351760000,75
297,40.80712,28.8854,0.8000000119209291,161.1999969482422,154.0,0.0,0.0,2022-02-16 12:42:00,371999000,75
298,40.73485,28.928726,0.4000000059604645,140.19999694824222,346.0,0.0,0.0,2022-02-16 13:47:00,538008955,75
299,40.969746,28.919794,0.10000000149011612,248.8000030517578,142.0,-5.0,1.0,2022-02-16 12:59:00,371773000,75
300,44.156155,28.643459999999997,0.10000000149011612,13.5,185.0,0.0,5.0,2022-02-16 09:13:00,636021019,75
301,40.750668,29.691526,10.100000381469727,128.5,511.0,,,2022-02-16 11:48:00,271040397,75
302,41.380516,29.024517,0.699999988079071,22.0,7.0,0.0,0.0,2022-02-16 13:12:00,374540000,75
303,40.75458,28.912653000000002,0.4000000059604645,150.3000030517578,274.0,0.0,0.0,2022-02-16 09:27:00,538008955,75
304,40.8808,29.175283,0.10000000149011612,191.0,511.0,-128.0,1.0,2022-02-16 11:48:00,577363000,75
305,40.96906,28.920374,0.20000000298023224,108.8000030517578,120.0,8.0,1.0,2022-02-16 13:53:00,371773000,75
306,41.35716,29.032213,8.100000381469728,212.6999969482422,213.0,0.0,0.0,2022-02-16 12:22:00,636091604,75
307,40.3899,27.996634000000004,0.10000000149011612,201.6999969482422,205.0,0.0,1.0,2022-02-16 08:18:00,273298020,75
308,41.168327000000005,29.068808,11.300000190734865,219.3999938964844,511.0,,,2022-02-16 06:48:00,271040397,75
309,40.74,28.923653,0.4000000059604645,144.6999969482422,15.0,0.0,0.0,2022-02-16 12:42:00,538008955,75
310,40.80862,28.887987,0.5,89.5999984741211,263.0,0.0,0.0,2022-02-16 13:07:00,371999000,75
311,40.88105,29.174115999999998,0.10000000149011612,304.0,511.0,-128.0,1.0,2022-02-16 04:43:00,577363000,75
312,40.8806,29.175265999999997,0.10000000149011612,243.0,511.0,-128.0,1.0,2022-02-16 13:47:00,577363000,75
313,40.750732,29.587670000000003,15.699999809265135,279.5,277.0,0.0,0.0,2022-02-16 13:09:00,244010871,75
314,40.969925,28.919928000000002,0.20000000298023224,235.1999969482422,148.0,-11.0,1.0,2022-02-16 09:08:00,371773000,75
315,40.88098,29.175265999999997,0.10000000149011612,7.0,511.0,-128.0,1.0,2022-02-16 11:32:00,577363000,75
316,40.703434,29.331274,6.5999999046325675,203.0,206.0,0.0,0.0,2022-02-16 14:12:00,244010871,75
317,40.7682,29.275209999999998,9.699999809265137,289.70001220703125,511.0,,,2022-02-16 21:02:00,271040397,75
318,41.251434,31.375544,0.10000000149011612,189.3000030517578,109.0,-128.0,1.0,2022-02-16 21:27:00,405000241,75
319,41.38715,29.030184000000002,0.4000000059604645,53.0,63.0,0.0,0.0,2022-02-16 14:03:00,374540000,75
320,40.7299,29.394693,10.800000190734863,75.0999984741211,511.0,,,2022-02-16 10:18:00,271040397,75
321,41.327007,29.013272999999998,7.300000190734862,202.1999969482422,205.0,0.0,0.0,2022-02-16 12:37:00,636091604,75
322,41.301132,28.98788,4.599999904632568,220.1000061035156,221.0,0.0,0.0,2022-02-16 12:57:00,636091604,75
323,42.248333,31.308332,10.0,244.0,,,,2022-02-16 01:39:00,636091604,75
324,44.81024,36.5716,0.10000000149011612,314.79998779296875,192.0,0.0,1.0,2022-02-16 01:41:00,636018374,75
325,40.806705,28.888371999999997,0.6000000238418579,248.8000030517578,285.0,0.0,0.0,2022-02-16 15:02:00,371999000,75
326,41.38772,29.030983000000003,0.10000000149011612,242.0,76.0,0.0,0.0,2022-02-16 15:07:00,374540000,75
327,40.388000000000005,27.9947,0.10000000149011612,150.60000610351562,58.0,0.0,1.0,2022-02-16 14:43:00,273298020,75
328,40.773224,28.8924,4.699999809265137,310.29998779296875,304.0,0.0,0.0,2022-02-16 14:47:00,538008955,75
329,44.21308,37.75878,6.300000190734862,195.6000061035156,511.0,-128.0,0.0,2022-02-16 02:22:00,667001368,75
330,44.600773,37.922565000000006,0.30000001192092896,158.39999389648438,144.0,0.0,1.0,2022-02-16 15:13:00,273353480,75
331,40.67572,29.309922999999998,0.20000000298023224,281.79998779296875,354.0,0.0,0.0,2022-02-16 14:52:00,244010871,75
332,41.388084,29.031816,0.10000000149011612,273.0,92.0,0.0,0.0,2022-02-16 14:52:00,374540000,75
333,40.86472,28.828876,7.800000190734862,81.69999694824219,81.0,-5.0,0.0,2022-02-16 06:57:00,371773000,75
334,41.410282,29.02885,0.10000000149011612,288.0,118.0,0.0,0.0,2022-02-16 21:37:00,374540000,75
335,44.15617,28.643440000000002,0.10000000149011612,139.10000610351562,186.0,0.0,5.0,2022-02-16 23:01:00,636021019,75
336,41.410717,29.026283000000003,0.10000000149011612,183.0,60.0,0.0,0.0,2022-02-16 22:38:00,374540000,75
337,40.787067,28.896053000000002,0.30000001192092896,129.19999694824222,47.0,0.0,0.0,2022-02-16 22:37:00,538008955,75
338,40.925232,28.963966,9.899999618530273,310.29998779296875,511.0,,,2022-02-16 22:42:00,271040397,75
339,40.862334999999995,28.900309999999998,5.800000190734862,29.20000076293945,25.0,0.0,0.0,2022-02-16 22:42:00,371999000,75
340,40.82649,28.885267,0.30000001192092896,229.6000061035156,181.0,0.0,0.0,2022-02-16 07:07:00,371999000,75
341,40.810123,28.888937,0.4000000059604645,345.79998779296875,334.0,0.0,0.0,2022-02-16 13:37:00,371999000,75
342,40.736965000000005,28.926514,0.5,129.80000305175778,354.0,0.0,0.0,2022-02-16 13:22:00,538008955,75
343,44.156155,28.643476,0.10000000149011612,45.5,185.0,0.0,5.0,2022-02-16 12:59:00,636021019,75
344,40.389683000000005,27.995586,0.10000000149011612,79.4000015258789,165.0,0.0,1.0,2022-02-16 21:54:00,273298020,75
345,41.4109,29.026583000000002,0.10000000149011612,229.0,76.0,0.0,0.0,2022-02-16 22:22:00,374540000,75
346,40.743626,28.920883,0.30000001192092896,145.39999389648438,13.0,0.0,0.0,2022-02-16 11:47:00,538008955,75
347,40.810665,28.888702000000002,0.30000001192092896,342.8999938964844,335.0,0.0,0.0,2022-02-16 13:42:00,371999000,75
348,40.809494,28.88963,0.4000000059604645,144.6999969482422,335.0,0.0,0.0,2022-02-16 13:57:00,371999000,75
349,40.801235,28.90105,1.100000023841858,204.8999938964844,231.0,0.0,0.0,2022-02-16 20:17:00,371999000,75
350,40.791767,28.888503999999998,0.30000001192092896,134.60000610351562,48.0,0.0,0.0,2022-02-16 21:07:00,538008955,75
351,40.801968,29.171166999999997,10.5,299.79998779296875,511.0,,,2022-02-16 21:33:00,271040397,75
352,40.883026,28.915264,5.599999904632568,46.599998474121094,52.0,0.0,0.0,2022-02-16 22:57:00,371999000,75
353,40.7378,29.240790000000004,8.399999618530272,266.89999389648443,262.0,0.0,1.0,2022-02-16 23:37:00,677017000,75
354,41.39683,29.026715999999997,0.30000001192092896,346.0,51.0,0.0,0.0,2022-02-16 17:47:00,374540000,75
355,44.156136,28.643472999999997,0.10000000149011612,263.5,185.0,0.0,5.0,2022-02-16 08:05:00,636021019,75
356,44.695890000000006,37.811954,3.2999999523162837,160.89999389648438,160.0,0.0,0.0,2022-02-16 08:17:00,273353480,75
357,41.374485,29.015565999999996,1.8999999761581419,100.0,75.0,0.0,0.0,2022-02-16 12:37:00,374540000,75
358,41.252483000000005,31.377359999999996,0.10000000149011612,89.5999984741211,170.0,-128.0,1.0,2022-02-16 07:51:00,405000241,75
359,40.827583000000004,28.917334000000004,0.30000001192092896,338.29998779296875,38.0,0.0,0.0,2022-02-16 07:12:00,538008955,75
360,44.71216,37.803967,4.599999904632568,160.8000030517578,160.0,0.0,0.0,2022-02-16 08:02:00,273353480,75
361,40.81505,28.914315999999996,0.10000000149011612,64.59999847412111,58.0,0.0,0.0,2022-02-16 01:12:00,538008955,75
362,40.81473,28.914787,0.10000000149011612,137.89999389648438,22.0,0.0,0.0,2022-02-16 02:02:00,538008955,75
363,40.814479999999996,28.91507,0.10000000149011612,10.300000190734863,13.0,0.0,0.0,2022-02-16 02:17:00,538008955,75
364,40.96063,29.012666999999997,11.399999618530273,154.1999969482422,511.0,,,2022-02-16 08:02:00,271040397,75
365,40.88075,29.175316,0.10000000149011612,205.0,511.0,-128.0,1.0,2022-02-16 12:59:00,577363000,75
366,40.741165,29.375753000000003,8.899999618530273,264.39999389648443,255.0,-127.0,0.0,2022-02-16 13:57:00,244010871,75
367,42.19388,41.60478,0.10000000149011612,197.8000030517578,119.0,0.0,1.0,2022-02-16 03:07:00,271048139,75
368,40.8806,29.175283,0.10000000149011612,41.0,511.0,-128.0,1.0,2022-02-16 13:20:00,577363000,75
369,40.74156,28.100566999999998,11.300000190734865,86.4000015258789,91.0,0.0,0.0,2022-02-16 23:23:00,271043916,75
370,40.88065,29.1753,0.10000000149011612,6.0,511.0,-128.0,1.0,2022-02-16 13:23:00,577363000,75
371,40.827442,28.899006,1.100000023841858,350.3999938964844,2.0,0.0,0.0,2022-02-16 22:17:00,371999000,75
372,40.787292,28.89558,0.30000001192092896,124.1999969482422,48.0,0.0,0.0,2022-02-16 22:32:00,538008955,75
373,40.825615,28.918217,0.30000001192092896,321.79998779296875,10.0,0.0,0.0,2022-02-16 06:47:00,538008955,75
374,40.82873,28.92652,1.2999999523162842,230.6000061035156,195.0,0.0,0.0,2022-02-16 03:07:00,371999000,75
375,40.825466,28.889393,0.20000000298023224,294.5,198.0,0.0,0.0,2022-02-16 06:02:00,371999000,75
376,40.881035,29.1738,0.10000000149011612,237.0,511.0,-128.0,1.0,2022-02-16 06:55:00,577363000,75
377,40.389812,27.996159999999996,0.10000000149011612,201.8999938964844,191.0,0.0,1.0,2022-02-16 10:30:00,273298020,75
378,40.82458,28.89365,0.30000001192092896,137.60000610351562,109.0,0.0,0.0,2022-02-16 09:17:00,371999000,75
379,40.751034000000004,28.915613,0.4000000059604645,154.89999389648438,287.0,0.0,0.0,2022-02-16 10:07:00,538008955,75
380,40.75054,28.915934000000004,0.4000000059604645,147.3000030517578,289.0,0.0,0.0,2022-02-16 10:12:00,538008955,75
381,41.410515000000004,29.026816999999998,0.10000000149011612,79.0,59.0,0.0,0.0,2022-02-16 23:26:00,374540000,75
382,41.410534000000006,29.0271,0.10000000149011612,70.0,63.0,0.0,0.0,2022-02-16 23:35:00,374540000,75
383,40.934093,28.95008,9.699999809265137,312.1000061035156,511.0,,,2022-02-16 22:47:00,271040397,75
384,40.83311,28.894965999999997,0.5,189.8000030517578,164.0,0.0,0.0,2022-02-16 08:42:00,371999000,75
385,40.915913,28.9778,10.399999618530273,315.29998779296875,511.0,,,2022-02-16 22:37:00,271040397,75
386,40.740448,27.960396000000003,11.5,91.8000030517578,90.0,0.0,0.0,2022-02-16 22:49:00,271043916,75
387,40.785767,28.898559999999996,0.30000001192092896,118.4000015258789,43.0,0.0,0.0,2022-02-16 23:02:00,538008955,75
388,40.741904999999996,29.33083,8.399999618530272,268.5,267.0,0.0,1.0,2022-02-16 23:08:00,677017000,75
389,40.808279999999996,28.889227,0.20000000298023224,131.30000305175778,313.0,0.0,0.0,2022-02-16 13:17:00,371999000,75
390,40.84235,29.174266999999997,7.300000190734862,7.0,511.0,-128.0,0.0,2022-02-16 00:02:00,577363000,75
391,40.794098,28.90765,1.100000023841858,71.0999984741211,36.0,0.0,0.0,2022-02-16 20:52:00,371999000,75
392,40.970005,28.920206,0.20000000298023224,44.099998474121094,166.0,8.0,1.0,2022-02-16 10:20:00,371773000,75
393,40.798565,28.89977,1.0,189.8999938964844,208.0,0.0,0.0,2022-02-16 20:27:00,371999000,75
394,41.19729,29.10544,8.800000190734863,221.0,511.0,,,2022-02-16 06:34:00,271040397,75
395,41.409485,29.02955,0.10000000149011612,335.0,109.0,0.0,0.0,2022-02-16 21:12:00,374540000,75
396,40.80692,28.915709999999997,1.7999999523162842,23.70000076293945,10.0,-127.0,0.0,2022-02-16 21:32:00,371999000,75
397,41.55385,29.404053,11.0,245.8000030517578,248.0,0.0,0.0,2022-02-16 10:22:00,636091604,75
398,41.547024,29.384056,11.0,245.8999938964844,248.0,0.0,0.0,2022-02-16 10:28:00,636091604,75
399,41.40935,29.029633,0.10000000149011612,346.0,105.0,0.0,0.0,2022-02-16 21:07:00,374540000,75
400,40.769966,29.591284,6.699999809265138,237.1999969482422,233.0,0.0,1.0,2022-02-16 21:38:00,677017000,75
401,40.80358,28.915259999999996,1.6000000238418581,11.399999618530273,5.0,0.0,0.0,2022-02-16 21:22:00,371999000,75
402,40.88165,29.1748,0.20000000298023224,170.0,511.0,-128.0,1.0,2022-02-16 08:25:00,577363000,75
403,40.815815,29.138572999999997,10.699999809265137,298.3999938964844,511.0,,,2022-02-16 21:42:00,271040397,75
404,40.75564,29.323365999999996,9.899999618530273,285.20001220703125,511.0,,,2022-02-16 20:48:00,271040397,75
405,40.881367,29.174633,0.10000000149011612,291.0,511.0,-128.0,1.0,2022-02-16 19:20:00,577363000,75
406,41.37863,29.023317,0.8000000119209291,29.0,11.0,0.0,0.0,2022-02-16 13:02:00,374540000,75
407,41.288795,28.973765999999998,0.10000000149011612,165.3000030517578,263.0,0.0,1.0,2022-02-16 13:17:00,636091604,75
408,40.843517,28.9028,6.4000000953674325,19.700000762939453,18.0,0.0,0.0,2022-02-16 23:42:00,538008955,75
409,40.389793,27.996159999999996,0.10000000149011612,53.29999923706055,182.0,0.0,1.0,2022-02-16 22:14:00,273298020,75
410,40.97014,28.920353000000002,0.10000000149011612,38.5,171.0,7.0,1.0,2022-02-16 10:38:00,371773000,75
411,40.738438,29.25602,8.399999618530272,266.39999389648443,263.0,0.0,1.0,2022-02-16 23:32:00,677017000,75
412,40.852444,28.907106,7.300000190734862,19.700000762939453,18.0,0.0,0.0,2022-02-16 23:47:00,538008955,75
413,44.156193,28.643457,0.10000000149011612,38.0,185.0,0.0,5.0,2022-02-16 12:19:00,636021019,75
414,40.969643,28.91967,0.10000000149011612,209.3000030517578,136.0,-8.0,1.0,2022-02-16 13:29:00,371773000,75
415,41.130642,29.071653,11.0,142.89999389648438,511.0,,,2022-02-16 07:03:00,271040397,75
416,41.176105,29.078087,10.199999809265137,222.1999969482422,511.0,,,2022-02-16 06:45:00,271040397,75
417,41.116806,29.073984000000003,11.100000381469727,216.6999969482422,511.0,,,2022-02-16 07:08:00,271040397,75
418,41.09049,29.059936999999998,11.600000381469727,179.6999969482422,511.0,,,2022-02-16 07:17:00,271040397,75
419,40.823414,28.91858,0.30000001192092896,349.20001220703125,35.0,0.0,0.0,2022-02-16 06:12:00,538008955,75
420,40.86764,28.85877,7.5,83.0999984741211,81.0,7.0,0.0,2022-02-16 07:08:00,371773000,75
421,44.681754999999995,37.8152,1.399999976158142,204.6000061035156,183.0,-127.0,1.0,2022-02-16 13:37:00,273353480,75
422,41.295074,28.980859999999996,4.400000095367432,222.6000061035156,225.0,0.0,0.0,2022-02-16 13:04:00,636091604,75
423,40.845455,28.897026,6.300000190734862,358.3999938964844,5.0,0.0,0.0,2022-02-16 22:32:00,371999000,75
424,40.814265999999996,28.886726,2.200000047683716,205.8000030517578,207.0,0.0,0.0,2022-02-16 12:22:00,371999000,75
425,40.738094,28.925372999999997,0.4000000059604645,137.10000610351562,2.0,0.0,0.0,2022-02-16 13:07:00,538008955,75
426,40.737353999999996,28.926228000000002,0.4000000059604645,140.19999694824222,356.0,0.0,0.0,2022-02-16 13:17:00,538008955,75
427,40.808735,28.889440000000004,0.5,348.0,336.0,0.0,0.0,2022-02-16 13:27:00,371999000,75
428,40.806084000000006,28.886473,0.30000001192092896,247.6000061035156,303.0,0.0,0.0,2022-02-16 15:13:00,371999000,75
429,40.769104,28.893894,0.6000000238418579,144.10000610351562,343.0,0.0,0.0,2022-02-16 15:57:00,538008955,75
430,41.458298,29.127253000000003,11.0,220.6000061035156,218.0,0.0,0.0,2022-02-16 11:37:00,636091604,75
431,41.520509999999994,29.312313,10.899999618530273,244.1999969482422,246.0,0.0,0.0,2022-02-16 10:47:00,636091604,75
432,40.73662,29.19492,8.199999809265138,270.10000610351557,262.0,0.0,1.0,2022-02-16 23:52:00,677017000,75
433,41.446106,29.11502,10.899999618530273,215.6000061035156,214.0,0.0,0.0,2022-02-16 11:42:00,636091604,75
434,44.156185,28.64351,0.10000000149011612,85.9000015258789,185.0,0.0,5.0,2022-02-16 12:43:00,636021019,75
435,42.194275,41.60654,0.10000000149011612,197.8000030517578,216.0,0.0,1.0,2022-02-16 15:31:00,271048139,75
436,40.826347,28.917933,0.30000001192092896,333.5,12.0,0.0,0.0,2022-02-16 06:57:00,538008955,75
437,40.826874,28.884977000000003,0.10000000149011612,5.800000190734862,221.0,0.0,0.0,2022-02-16 07:22:00,371999000,75
438,41.387268,29.029833,0.10000000149011612,305.0,46.0,0.0,0.0,2022-02-16 15:37:00,374540000,75
439,40.88093,29.173665999999997,0.10000000149011612,208.0,511.0,-128.0,1.0,2022-02-16 05:49:00,577363000,75
440,40.866352,28.844877,7.800000190734862,82.0999984741211,81.0,5.0,0.0,2022-02-16 07:02:00,371773000,75
441,40.88105,29.17375,0.10000000149011612,49.0,511.0,-128.0,1.0,2022-02-16 07:31:00,577363000,75
442,40.827296999999994,28.884715999999997,0.30000001192092896,34.700000762939446,223.0,0.0,0.0,2022-02-16 07:32:00,371999000,75
443,40.387947,27.99472,0.10000000149011612,42.5,55.0,0.0,1.0,2022-02-16 15:03:00,273298020,75
444,41.105846,29.062157,11.800000190734865,216.8000030517578,511.0,,,2022-02-16 07:12:00,271040397,75
445,40.969208,28.922240000000002,0.30000001192092896,141.3000030517578,253.0,12.0,1.0,2022-02-16 20:50:00,371773000,75
446,41.251095,31.3754,0.10000000149011612,17.399999618530273,95.0,-128.0,1.0,2022-02-16 23:27:00,405000241,75
447,40.950806,28.986254,7.5,19.200000762939453,21.0,0.0,0.0,2022-02-16 23:47:00,371999000,75
448,41.40867,29.0297,0.10000000149011612,355.0,91.0,0.0,0.0,2022-02-16 20:47:00,374540000,75
449,40.75977,29.306053000000002,9.899999618530273,289.20001220703125,511.0,,,2022-02-16 20:53:00,271040397,75
450,40.74458,29.40472,8.100000381469728,263.0,261.0,0.0,1.0,2022-02-16 22:42:00,677017000,75
451,40.954426,28.92698,9.899999618530273,331.79998779296875,511.0,,,2022-02-16 22:57:00,271040397,75
452,41.384483,29.02705,0.5,32.0,22.0,0.0,0.0,2022-02-16 13:37:00,374540000,75
453,41.825,30.158333000000002,10.0,244.0,,,,2022-02-16 06:57:00,636091604,75
454,40.827557,28.920959999999997,0.5,336.20001220703125,248.0,0.0,0.0,2022-02-16 03:42:00,371999000,75
455,40.816174,28.916120000000003,0.10000000149011612,330.79998779296875,25.0,0.0,0.0,2022-02-16 03:42:00,538008955,75
456,40.828140000000005,28.920094,0.8000000119209291,299.3999938964844,220.0,0.0,0.0,2022-02-16 03:47:00,371999000,75
457,40.825874,28.904118,0.6000000238418579,287.20001220703125,198.0,0.0,0.0,2022-02-16 04:52:00,371999000,75
458,40.87112,28.870684000000004,7.199999809265138,50.4000015258789,56.0,14.0,0.0,2022-02-16 07:12:00,371773000,75
459,40.816414,28.91623,0.10000000149011612,352.1000061035156,22.0,0.0,0.0,2022-02-16 03:52:00,538008955,75
460,40.81655,28.916203000000003,0.10000000149011612,343.1000061035156,22.0,0.0,0.0,2022-02-16 03:57:00,538008955,75
461,40.880966,29.174583000000002,0.10000000149011612,201.0,511.0,-128.0,1.0,2022-02-16 03:43:00,577363000,75
462,40.881065,29.174583000000002,0.10000000149011612,14.0,511.0,-128.0,1.0,2022-02-16 04:19:00,577363000,75
463,40.882465,28.892273,7.0999999046325675,56.70000076293945,56.0,-11.0,0.0,2022-02-16 07:22:00,371773000,75
464,40.887879999999996,28.903353000000003,6.9000000953674325,58.099998474121094,52.0,-15.0,0.0,2022-02-16 07:27:00,371773000,75
465,40.826392999999996,28.884923999999998,0.20000000298023224,351.5,191.0,0.0,0.0,2022-02-16 07:12:00,371999000,75
466,44.674213,37.82241,5.400000095367432,143.8000030517578,145.0,0.0,0.0,2022-02-16 13:47:00,273353480,75
467,44.156185,28.643496999999996,0.5,179.60000610351562,185.0,0.0,5.0,2022-02-16 07:13:00,636021019,75
468,41.410484000000004,29.028716999999997,0.10000000149011612,313.0,118.0,0.0,0.0,2022-02-16 21:42:00,374540000,75
469,40.88105,29.17385,0.10000000149011612,224.0,511.0,-128.0,1.0,2022-02-16 04:52:00,577363000,75
470,40.88093,29.173717,0.10000000149011612,274.0,511.0,-128.0,1.0,2022-02-16 04:58:00,577363000,75
471,40.790714,28.890114,0.30000001192092896,139.0,52.0,0.0,0.0,2022-02-16 21:27:00,538008955,75
472,40.813359999999996,28.91072,3.400000095367432,310.5,313.0,0.0,0.0,2022-02-16 21:42:00,371999000,75
473,40.78972,28.891665999999997,0.30000001192092896,131.30000305175778,50.0,0.0,0.0,2022-02-16 21:47:00,538008955,75
474,41.555817,29.343884000000003,11.300000190734865,244.0,246.0,0.0,0.0,2022-02-16 10:42:00,374540000,75
475,40.38946,27.996579999999998,0.10000000149011612,317.70001220703125,217.0,0.0,1.0,2022-02-16 02:09:00,273298020,75
476,40.389145,27.996966999999998,0.20000000298023224,150.0,226.0,0.0,1.0,2022-02-16 02:33:00,273298020,75
477,40.968845,28.922359999999998,0.10000000149011612,236.0,292.0,7.0,1.0,2022-02-16 21:38:00,371773000,75
478,40.881485,29.174334,0.10000000149011612,49.0,511.0,-128.0,1.0,2022-02-16 21:38:00,577363000,75
479,40.828026,28.914156,2.900000095367432,94.8000030517578,98.0,0.0,0.0,2022-02-16 02:02:00,371999000,75
480,40.825493,28.924088,0.8000000119209291,132.19999694824222,125.0,0.0,0.0,2022-02-16 02:22:00,371999000,75
481,40.81475,28.915337,0.10000000149011612,8.699999809265138,19.0,0.0,0.0,2022-02-16 02:37:00,538008955,75
482,40.876915000000004,28.881493,7.0999999046325675,55.0,56.0,7.0,0.0,2022-02-16 07:17:00,371773000,75
483,41.41083,29.026417,0.10000000149011612,213.0,69.0,0.0,0.0,2022-02-16 22:28:00,374540000,75
484,40.816322,28.916183,0.10000000149011612,50.4000015258789,24.0,0.0,0.0,2022-02-16 03:47:00,538008955,75
485,40.818775,28.917040000000004,1.6000000238418581,15.199999809265135,24.0,0.0,0.0,2022-02-16 05:02:00,538008955,75
486,40.82715,28.884767999999998,0.10000000149011612,300.5,220.0,0.0,0.0,2022-02-16 07:27:00,371999000,75
487,40.80948,28.889187,0.5,347.3999938964844,335.0,0.0,0.0,2022-02-16 13:32:00,371999000,75
488,40.735306,28.9283,0.4000000059604645,138.19999694824222,347.0,0.0,0.0,2022-02-16 13:42:00,538008955,75
489,44.158237,28.647603999999998,0.10000000149011612,6.300000190734862,275.0,0.0,5.0,2022-02-16 02:37:00,636021019,75
490,40.764404,29.28898,9.800000190734863,290.29998779296875,511.0,,,2022-02-16 20:58:00,271040397,75
491,40.789159999999995,28.892527,0.30000001192092896,130.5,50.0,0.0,0.0,2022-02-16 21:58:00,538008955,75
492,40.8815,29.174417,0.10000000149011612,267.0,511.0,-128.0,1.0,2022-02-16 21:59:00,577363000,75
493,40.79265,28.886713,0.30000001192092896,117.5999984741211,39.0,0.0,0.0,2022-02-16 20:47:00,538008955,75
494,40.792384999999996,28.887186,0.30000001192092896,126.4000015258789,42.0,0.0,0.0,2022-02-16 20:52:00,538008955,75
495,40.83703,28.89759,5.5,355.8999938964844,1.0,0.0,0.0,2022-02-16 22:27:00,371999000,75
496,40.74221,27.858215,11.699999809265135,90.5,90.0,0.0,0.0,2022-02-16 22:25:00,271043916,75
497,40.741015999999995,27.936518,11.5,91.3000030517578,91.0,0.0,0.0,2022-02-16 22:43:00,271043916,75
498,40.745827,29.421083000000003,8.600000381469728,265.20001220703125,259.0,0.0,1.0,2022-02-16 22:37:00,677017000,75
499,40.741890000000005,27.8926,11.699999809265135,91.0999984741211,91.0,0.0,0.0,2022-02-16 22:33:00,271043916,75
